2026-01-04 09:38:27,144 : INFO : root : Loading config.
2026-01-04 09:38:27,145 : INFO : YamlMultifileConfigLoader : Machine config file #1: config.yaml
2026-01-04 09:38:27,145 : INFO : ConfigProcessor : Loading config from cache: /var/folders/k0/j_dpx55x4kndbs36pl2nt9l00000gn/T/92f7f295141fbdde09e201e7fd0f1349.mpf_cache
2026-01-04 09:38:27,174 : WARNING : ConfigProcessor : Config file in cache changed: /Users/samhughes/Desktop/Hollow-Knight-Pinball/modes/attract/config/attract.yaml
2026-01-04 09:38:27,174 : INFO : ConfigProcessor : Loading config from file /Users/samhughes/mpf/lib/python3.13/site-packages/mpf/modes/attract/config/attract.yaml.
2026-01-04 09:38:27,175 : INFO : ConfigProcessor : Loading config: /Users/samhughes/mpf/lib/python3.13/site-packages/mpf/modes/attract/config/attract.yaml
2026-01-04 09:38:27,175 : INFO : ConfigProcessor : Loading config from file /Users/samhughes/Desktop/Hollow-Knight-Pinball/modes/attract/config/attract.yaml.
2026-01-04 09:38:27,177 : INFO : ConfigProcessor : Loading config: /Users/samhughes/Desktop/Hollow-Knight-Pinball/modes/attract/config/attract.yaml
2026-01-04 09:38:27,178 : INFO : ConfigProcessor : Config file cache created: /var/folders/k0/j_dpx55x4kndbs36pl2nt9l00000gn/T/7b77bdcd1da4c54cc720d492bab55a0d.mpf_cache
2026-01-04 09:38:27,178 : INFO : ConfigProcessor : Loading config from cache: /var/folders/k0/j_dpx55x4kndbs36pl2nt9l00000gn/T/501e18c1625d42f1ba9bf53b020c49c5.mpf_cache
2026-01-04 09:38:27,178 : INFO : ConfigProcessor : Loading config from cache: /var/folders/k0/j_dpx55x4kndbs36pl2nt9l00000gn/T/7b77bdcd1da4c54cc720d492bab55a0d.mpf_cache
2026-01-04 09:38:27,178 : INFO : ConfigProcessor : Loading config from cache: /var/folders/k0/j_dpx55x4kndbs36pl2nt9l00000gn/T/dda6f4da00898f9f0a4796a41d9a2ef0.mpf_cache
2026-01-04 09:38:27,178 : INFO : ConfigProcessor : Loading config from cache: /var/folders/k0/j_dpx55x4kndbs36pl2nt9l00000gn/T/522fc819f659907ecbd91e12554f307a.mpf_cache
2026-01-04 09:38:27,179 : INFO : ConfigProcessor : Loading config from cache: /var/folders/k0/j_dpx55x4kndbs36pl2nt9l00000gn/T/05e9cee2d62266bbcd3eb3df28f11ba0.mpf_cache
2026-01-04 09:38:27,179 : INFO : ConfigProcessor : Loading config from cache: /var/folders/k0/j_dpx55x4kndbs36pl2nt9l00000gn/T/a751b7622f38b4d73d2da25b66d734b1.mpf_cache
2026-01-04 09:38:27,180 : INFO : ConfigProcessor : Loading config from cache: /var/folders/k0/j_dpx55x4kndbs36pl2nt9l00000gn/T/515d12d22bfc89771946156b9f4733e7.mpf_cache
2026-01-04 09:38:27,180 : INFO : ConfigProcessor : Loading config from cache: /var/folders/k0/j_dpx55x4kndbs36pl2nt9l00000gn/T/3db5df4db04e3e0d951f803bb6fa84e6.mpf_cache
2026-01-04 09:38:27,180 : INFO : ConfigProcessor : Loading config from cache: /var/folders/k0/j_dpx55x4kndbs36pl2nt9l00000gn/T/3572cafb19834c572118c1dfbec55588.mpf_cache
2026-01-04 09:38:27,181 : INFO : ConfigProcessor : Loading config from cache: /var/folders/k0/j_dpx55x4kndbs36pl2nt9l00000gn/T/39b20d9bce0c2f44f75a85f57a0d45f4.mpf_cache
2026-01-04 09:38:27,182 : INFO : ConfigProcessor : Loading config from cache: /var/folders/k0/j_dpx55x4kndbs36pl2nt9l00000gn/T/189edcb2679eb1788c8ca3be3e29f2f1.mpf_cache
2026-01-04 09:38:27,182 : INFO : ConfigProcessor : Loading config from cache: /var/folders/k0/j_dpx55x4kndbs36pl2nt9l00000gn/T/f00019ffccce993d2850c9d82b9dc44e.mpf_cache
2026-01-04 09:38:27,182 : INFO : ConfigProcessor : Loading config from cache: /var/folders/k0/j_dpx55x4kndbs36pl2nt9l00000gn/T/14560612c17bb039b05632d29f192033.mpf_cache
2026-01-04 09:38:27,182 : INFO : ConfigProcessor : Loading config from cache: /var/folders/k0/j_dpx55x4kndbs36pl2nt9l00000gn/T/1b88d79160cc8850354d058f9a270569.mpf_cache
2026-01-04 09:38:27,182 : INFO : ConfigProcessor : Loading config from cache: /var/folders/k0/j_dpx55x4kndbs36pl2nt9l00000gn/T/db143814423fb474166c86cac053d40c.mpf_cache
2026-01-04 09:38:27,183 : INFO : ConfigProcessor : Loading config from cache: /var/folders/k0/j_dpx55x4kndbs36pl2nt9l00000gn/T/77ecd758607ea296c19f456a8642983d.mpf_cache
2026-01-04 09:38:27,183 : INFO : ConfigProcessor : Loading config from cache: /var/folders/k0/j_dpx55x4kndbs36pl2nt9l00000gn/T/7c3641fae2b7003d26f031771405f733.mpf_cache
2026-01-04 09:38:27,183 : INFO : ConfigProcessor : Loading config from cache: /var/folders/k0/j_dpx55x4kndbs36pl2nt9l00000gn/T/fb7f263f29c0f8af46e6dfce6099ce86.mpf_cache
2026-01-04 09:38:27,183 : INFO : ConfigProcessor : Loading config from cache: /var/folders/k0/j_dpx55x4kndbs36pl2nt9l00000gn/T/8ec02d334e515a6774c1da6355f69b0a.mpf_cache
2026-01-04 09:38:27,184 : INFO : Machine : Mission Pinball Framework Core Engine v0.80.0.dev11
2026-01-04 09:38:27,184 : INFO : Machine : Command line arguments: {'no_load_cache': False, 'create_config_cache': True, 'bcp': False, 'configfile': ['config.yaml'], 'force_assets_load': False, 'platform_integration_test': False, 'jsonlogging': False, 'logfile': 'logs/2026-01-04-09-38-27-mpf-Mac.lan.log', 'pause': False, 'production': False, 'text_ui': True, 'loglevel': 15, 'consoleloglevel': 20, 'force_platform': None, 'syslog_address': None, 'full_logfile_path': '/Users/samhughes/Desktop/Hollow-Knight-Pinball/logs/2026-01-04-09-38-27-mpf-Mac.lan.log'}
2026-01-04 09:38:27,184 : INFO : Machine : MPF path: /Users/samhughes/mpf/lib/python3.13/site-packages/mpf
2026-01-04 09:38:27,184 : INFO : Machine : Machine path: /Users/samhughes/Desktop/Hollow-Knight-Pinball
2026-01-04 09:38:27,184 : INFO : Machine : Platform: darwin
2026-01-04 09:38:27,184 : INFO : Machine : Python executable location: /Users/samhughes/mpf/bin/python3.13
2026-01-04 09:38:27,184 : INFO : Machine : Python version: 3.13.2 (64-bit)
2026-01-04 09:38:27,184 : INFO : Machine : Initializing MPF...
2026-01-04 09:38:27,272 : INFO : OPP : Connecting to /dev/cu.usbmodem4E7B377B48001 at 115200bps
2026-01-04 09:38:27,298 : INFO : OPP : Could not set /dev/cu.usbmodem4E7B377B48001 to low latency mode: Low latency not supported on this platform
2026-01-04 09:38:27,321 : INFO : OPP : Init of OPP board 0 done
2026-01-04 09:38:27,321 : INFO : OPP : Connecting to /dev/cu.usbmodem5678485D30001 at 115200bps
2026-01-04 09:38:27,347 : INFO : OPP : Could not set /dev/cu.usbmodem5678485D30001 to low latency mode: Low latency not supported on this platform
2026-01-04 09:38:27,370 : INFO : OPP : Init of OPP board 1 done
2026-01-04 09:38:27,371 : INFO : EventManager : Event: ======'machine_var_credits_string'====== Args={'value': 'FREE PLAY', 'prev_value': None, 'change': True}
2026-01-04 09:38:27,380 : INFO : EventManager : Event: ======'machine_var_master_volume'====== Args={'value': 0.5, 'prev_value': None, 'change': True}
2026-01-04 09:38:27,380 : INFO : EventManager : Event: ======'machine_var_player1_score'====== Args={'value': 81940, 'prev_value': None, 'change': True}
2026-01-04 09:38:27,380 : INFO : EventManager : Event: ======'machine_var_mpf_version'====== Args={'value': 'Mission Pinball Framework v0.80.0.dev11', 'prev_value': None, 'change': True}
2026-01-04 09:38:27,380 : INFO : EventManager : Event: ======'machine_var_mpf_extended_version'====== Args={'value': 'Mission Pinball Framework v0.80.0.dev11, Config version:6, Show version: 6, BCP version:1.1', 'prev_value': None, 'change': True}
2026-01-04 09:38:27,380 : INFO : EventManager : Event: ======'machine_var_python_version'====== Args={'value': '3.13.2', 'prev_value': None, 'change': True}
2026-01-04 09:38:27,395 : INFO : EventManager : Event: ======'machine_var_platform'====== Args={'value': 'macOS-15.6.1-arm64-arm-64bit-Mach-O', 'prev_value': None, 'change': True}
2026-01-04 09:38:27,395 : INFO : EventManager : Event: ======'machine_var_platform_system'====== Args={'value': 'Darwin', 'prev_value': None, 'change': True}
2026-01-04 09:38:27,395 : INFO : EventManager : Event: ======'machine_var_platform_release'====== Args={'value': '24.6.0', 'prev_value': None, 'change': True}
2026-01-04 09:38:27,395 : INFO : EventManager : Event: ======'machine_var_platform_version'====== Args={'value': 'Darwin Kernel Version 24.6.0: Mon Jul 14 11:29:54 PDT 2025; root:xnu-11417.140.69~1/RELEASE_ARM64_T8122', 'prev_value': None, 'change': True}
2026-01-04 09:38:27,395 : INFO : EventManager : Event: ======'machine_var_platform_machine'====== Args={'value': 'arm64', 'prev_value': None, 'change': True}
2026-01-04 09:38:27,395 : INFO : EventManager : Event: ======'machine_var_log_file_path'====== Args={'value': '/Users/samhughes/Desktop/Hollow-Knight-Pinball/logs/2026-01-04-09-38-27-mpf-Mac.lan.log', 'prev_value': None, 'change': True}
2026-01-04 09:38:27,395 : INFO : EventManager : Event: ======'init_phase_1'====== Args={}
2026-01-04 09:38:27,406 : INFO : EventManager : Event: ======'init_phase_2'====== Args={}
2026-01-04 09:38:27,408 : INFO : ball_device.bd_trough : BCH: Initial count: 0
2026-01-04 09:38:27,408 : INFO : ball_device.bd_trough : State: idle
2026-01-04 09:38:27,408 : INFO : ball_device.bd_plunger : BCH: Initial count: 0
2026-01-04 09:38:27,408 : INFO : ball_device.bd_plunger : State: idle
2026-01-04 09:38:27,415 : INFO : EventManager : Event: ======'init_phase_3'====== Args={}
2026-01-04 09:38:27,415 : INFO : EventManager : Event: ======'init_phase_4'====== Args={}
2026-01-04 09:38:27,416 : INFO : BallController : Initial balls found: 0
2026-01-04 09:38:27,416 : INFO : EventManager : Event: ======'machine_var_audits_events_game_ended'====== Args={'value': 6, 'prev_value': None, 'change': True}
2026-01-04 09:38:27,416 : INFO : EventManager : Event: ======'machine_var_audits_events_game_started'====== Args={'value': 173, 'prev_value': None, 'change': True}
2026-01-04 09:38:27,416 : INFO : EventManager : Event: ======'machine_var_audits_missing_switches_s_back_left_target'====== Args={'value': 45, 'prev_value': None, 'change': True}
2026-01-04 09:38:27,416 : INFO : EventManager : Event: ======'machine_var_audits_missing_switches_s_back_middle_left_target'====== Args={'value': 1, 'prev_value': None, 'change': True}
2026-01-04 09:38:27,416 : INFO : EventManager : Event: ======'machine_var_audits_missing_switches_s_back_middle_right_target'====== Args={'value': 1, 'prev_value': None, 'change': True}
2026-01-04 09:38:27,416 : INFO : EventManager : Event: ======'machine_var_audits_missing_switches_s_back_right_target'====== Args={'value': 135, 'prev_value': None, 'change': True}
2026-01-04 09:38:27,416 : INFO : EventManager : Event: ======'machine_var_audits_missing_switches_s_bottom_right_slingshot'====== Args={'value': 132, 'prev_value': None, 'change': True}
2026-01-04 09:38:27,416 : INFO : EventManager : Event: ======'machine_var_audits_missing_switches_s_front_left_target'====== Args={'value': 1, 'prev_value': None, 'change': True}
2026-01-04 09:38:27,416 : INFO : EventManager : Event: ======'machine_var_audits_missing_switches_s_front_middle_target'====== Args={'value': 1, 'prev_value': None, 'change': True}
2026-01-04 09:38:27,416 : INFO : EventManager : Event: ======'machine_var_audits_missing_switches_s_front_right_target'====== Args={'value': 2, 'prev_value': None, 'change': True}
2026-01-04 09:38:27,416 : INFO : EventManager : Event: ======'machine_var_audits_missing_switches_s_lane_to_pop'====== Args={'value': 5, 'prev_value': None, 'change': True}
2026-01-04 09:38:27,416 : INFO : EventManager : Event: ======'machine_var_audits_missing_switches_s_left_inlane'====== Args={'value': 1, 'prev_value': None, 'change': True}
2026-01-04 09:38:27,416 : INFO : EventManager : Event: ======'machine_var_audits_missing_switches_s_left_orbit'====== Args={'value': 1, 'prev_value': None, 'change': True}
2026-01-04 09:38:27,416 : INFO : EventManager : Event: ======'machine_var_audits_missing_switches_s_left_outlane'====== Args={'value': 142, 'prev_value': None, 'change': True}
2026-01-04 09:38:27,416 : INFO : EventManager : Event: ======'machine_var_audits_missing_switches_s_right_orbit'====== Args={'value': 27, 'prev_value': None, 'change': True}
2026-01-04 09:38:27,416 : INFO : EventManager : Event: ======'machine_var_audits_missing_switches_s_right_outlane'====== Args={'value': 142, 'prev_value': None, 'change': True}
2026-01-04 09:38:27,416 : INFO : EventManager : Event: ======'machine_var_audits_missing_switches_s_start'====== Args={'value': 4, 'prev_value': None, 'change': True}
2026-01-04 09:38:27,416 : INFO : EventManager : Event: ======'machine_var_audits_missing_switches_s_top_left_slingshot'====== Args={'value': 1, 'prev_value': None, 'change': True}
2026-01-04 09:38:27,416 : INFO : EventManager : Event: ======'machine_var_audits_missing_switches_s_top_right_slingshot'====== Args={'value': 130, 'prev_value': None, 'change': True}
2026-01-04 09:38:27,416 : INFO : EventManager : Event: ======'machine_var_audits_missing_switches_s_trough_1'====== Args={'value': 136, 'prev_value': None, 'change': True}
2026-01-04 09:38:27,416 : INFO : EventManager : Event: ======'machine_var_audits_missing_switches_s_trough_2'====== Args={'value': 160, 'prev_value': None, 'change': True}
2026-01-04 09:38:27,416 : INFO : EventManager : Event: ======'machine_var_audits_missing_switches_s_trough_3'====== Args={'value': 158, 'prev_value': None, 'change': True}
2026-01-04 09:38:27,416 : INFO : EventManager : Event: ======'machine_var_audits_player_score'====== Args={'value': {'average': 36284, 'top': [173500, 81940, 45000, 15000, 15000, 15000, 15000, 15000, 15000, 15000], 'total': 12}, 'prev_value': None, 'change': True}
2026-01-04 09:38:27,416 : INFO : EventManager : Event: ======'machine_var_audits_shots_back_left_target'====== Args={'value': 7, 'prev_value': None, 'change': True}
2026-01-04 09:38:27,416 : INFO : EventManager : Event: ======'machine_var_audits_shots_back_middle_left_target_mask'====== Args={'value': 1, 'prev_value': None, 'change': True}
2026-01-04 09:38:27,416 : INFO : EventManager : Event: ======'machine_var_audits_shots_back_middle_right_target'====== Args={'value': 5, 'prev_value': None, 'change': True}
2026-01-04 09:38:27,416 : INFO : EventManager : Event: ======'machine_var_audits_shots_back_middle_right_target_mask'====== Args={'value': 1, 'prev_value': None, 'change': True}
2026-01-04 09:38:27,416 : INFO : EventManager : Event: ======'machine_var_audits_shots_back_right_target'====== Args={'value': 2, 'prev_value': None, 'change': True}
2026-01-04 09:38:27,416 : INFO : EventManager : Event: ======'machine_var_audits_shots_bakc_middle_left_target'====== Args={'value': 4, 'prev_value': None, 'change': True}
2026-01-04 09:38:27,416 : INFO : EventManager : Event: ======'machine_var_audits_shots_bottom_left_slingshot'====== Args={'value': 3, 'prev_value': None, 'change': True}
2026-01-04 09:38:27,416 : INFO : EventManager : Event: ======'machine_var_audits_shots_front_left_target'====== Args={'value': 7, 'prev_value': None, 'change': True}
2026-01-04 09:38:27,416 : INFO : EventManager : Event: ======'machine_var_audits_shots_front_left_target_mask'====== Args={'value': 1, 'prev_value': None, 'change': True}
2026-01-04 09:38:27,416 : INFO : EventManager : Event: ======'machine_var_audits_shots_front_middle_target'====== Args={'value': 9, 'prev_value': None, 'change': True}
2026-01-04 09:38:27,416 : INFO : EventManager : Event: ======'machine_var_audits_shots_front_middle_target_mask'====== Args={'value': 1, 'prev_value': None, 'change': True}
2026-01-04 09:38:27,416 : INFO : EventManager : Event: ======'machine_var_audits_shots_front_right_target'====== Args={'value': 9, 'prev_value': None, 'change': True}
2026-01-04 09:38:27,416 : INFO : EventManager : Event: ======'machine_var_audits_shots_front_right_target_mask'====== Args={'value': 3, 'prev_value': None, 'change': True}
2026-01-04 09:38:27,416 : INFO : EventManager : Event: ======'machine_var_audits_shots_lane_to_pop'====== Args={'value': 102, 'prev_value': None, 'change': True}
2026-01-04 09:38:27,416 : INFO : EventManager : Event: ======'machine_var_audits_shots_left_inlane'====== Args={'value': 9, 'prev_value': None, 'change': True}
2026-01-04 09:38:27,416 : INFO : EventManager : Event: ======'machine_var_audits_shots_left_orbit'====== Args={'value': 187, 'prev_value': None, 'change': True}
2026-01-04 09:38:27,417 : INFO : EventManager : Event: ======'machine_var_audits_shots_left_orbit_mask'====== Args={'value': 9, 'prev_value': None, 'change': True}
2026-01-04 09:38:27,417 : INFO : EventManager : Event: ======'machine_var_audits_shots_left_orbit_travel_dirtmouth_to_frogotten_crossroads'====== Args={'value': 96, 'prev_value': None, 'change': True}
2026-01-04 09:38:27,417 : INFO : EventManager : Event: ======'machine_var_audits_shots_left_outlane'====== Args={'value': 5, 'prev_value': None, 'change': True}
2026-01-04 09:38:27,417 : INFO : EventManager : Event: ======'machine_var_audits_shots_pop_bumper'====== Args={'value': 27, 'prev_value': None, 'change': True}
2026-01-04 09:38:27,417 : INFO : EventManager : Event: ======'machine_var_audits_shots_ramp'====== Args={'value': 81, 'prev_value': None, 'change': True}
2026-01-04 09:38:27,417 : INFO : EventManager : Event: ======'machine_var_audits_shots_ramp_mask'====== Args={'value': 3, 'prev_value': None, 'change': True}
2026-01-04 09:38:27,417 : INFO : EventManager : Event: ======'machine_var_audits_shots_ramp_travel_dirtmouth_to_frogotten_crossroads'====== Args={'value': 10, 'prev_value': None, 'change': True}
2026-01-04 09:38:27,417 : INFO : EventManager : Event: ======'machine_var_audits_shots_right_inlane'====== Args={'value': 15, 'prev_value': None, 'change': True}
2026-01-04 09:38:27,417 : INFO : EventManager : Event: ======'machine_var_audits_shots_right_orbit'====== Args={'value': 267, 'prev_value': None, 'change': True}
2026-01-04 09:38:27,417 : INFO : EventManager : Event: ======'machine_var_audits_shots_right_orbit_travel_dirtmouth_to_frogotten_crossroads'====== Args={'value': 44, 'prev_value': None, 'change': True}
2026-01-04 09:38:27,417 : INFO : EventManager : Event: ======'machine_var_audits_shots_right_outlane'====== Args={'value': 12, 'prev_value': None, 'change': True}
2026-01-04 09:38:27,417 : INFO : EventManager : Event: ======'machine_var_audits_shots_saucer'====== Args={'value': 40, 'prev_value': None, 'change': True}
2026-01-04 09:38:27,417 : INFO : EventManager : Event: ======'machine_var_audits_shots_saucer_dirtmouth'====== Args={'value': 21, 'prev_value': None, 'change': True}
2026-01-04 09:38:27,417 : INFO : EventManager : Event: ======'machine_var_audits_shots_saucer_frogotten_crossroads'====== Args={'value': 4, 'prev_value': None, 'change': True}
2026-01-04 09:38:27,417 : INFO : EventManager : Event: ======'machine_var_audits_shots_saucer_mask'====== Args={'value': 1, 'prev_value': None, 'change': True}
2026-01-04 09:38:27,417 : INFO : EventManager : Event: ======'machine_var_audits_shots_top_left_slingshot'====== Args={'value': 2, 'prev_value': None, 'change': True}
2026-01-04 09:38:27,417 : INFO : EventManager : Event: ======'machine_var_audits_shots_top_right_slingshot'====== Args={'value': 6, 'prev_value': None, 'change': True}
2026-01-04 09:38:27,417 : INFO : EventManager : Event: ======'machine_var_audits_shots_vuk'====== Args={'value': 321, 'prev_value': None, 'change': True}
2026-01-04 09:38:27,417 : INFO : EventManager : Event: ======'machine_var_audits_shots_vuk_dirtmouth'====== Args={'value': 196, 'prev_value': None, 'change': True}
2026-01-04 09:38:27,417 : INFO : EventManager : Event: ======'machine_var_audits_shots_vuk_frogotten_crossroads'====== Args={'value': 45, 'prev_value': None, 'change': True}
2026-01-04 09:38:27,417 : INFO : EventManager : Event: ======'machine_var_audits_switches_s_back_left_target'====== Args={'value': 7, 'prev_value': None, 'change': True}
2026-01-04 09:38:27,417 : INFO : EventManager : Event: ======'machine_var_audits_switches_s_back_middle_left_target'====== Args={'value': 5, 'prev_value': None, 'change': True}
2026-01-04 09:38:27,417 : INFO : EventManager : Event: ======'machine_var_audits_switches_s_back_middle_right_target'====== Args={'value': 6, 'prev_value': None, 'change': True}
2026-01-04 09:38:27,417 : INFO : EventManager : Event: ======'machine_var_audits_switches_s_back_right_target'====== Args={'value': 3, 'prev_value': None, 'change': True}
2026-01-04 09:38:27,417 : INFO : EventManager : Event: ======'machine_var_audits_switches_s_bottom_left_slingshot'====== Args={'value': 29, 'prev_value': None, 'change': True}
2026-01-04 09:38:27,417 : INFO : EventManager : Event: ======'machine_var_audits_switches_s_bottom_right_slingshot'====== Args={'value': 26, 'prev_value': None, 'change': True}
2026-01-04 09:38:27,417 : INFO : EventManager : Event: ======'machine_var_audits_switches_s_front_left_target'====== Args={'value': 7, 'prev_value': None, 'change': True}
2026-01-04 09:38:27,417 : INFO : EventManager : Event: ======'machine_var_audits_switches_s_front_middle_target'====== Args={'value': 10, 'prev_value': None, 'change': True}
2026-01-04 09:38:27,417 : INFO : EventManager : Event: ======'machine_var_audits_switches_s_front_right_target'====== Args={'value': 10, 'prev_value': None, 'change': True}
2026-01-04 09:38:27,417 : INFO : EventManager : Event: ======'machine_var_audits_switches_s_lane_to_pop'====== Args={'value': 104, 'prev_value': None, 'change': True}
2026-01-04 09:38:27,417 : INFO : EventManager : Event: ======'machine_var_audits_switches_s_left_flipper'====== Args={'value': 183, 'prev_value': None, 'change': True}
2026-01-04 09:38:27,417 : INFO : EventManager : Event: ======'machine_var_audits_switches_s_left_inlane'====== Args={'value': 10, 'prev_value': None, 'change': True}
2026-01-04 09:38:27,417 : INFO : EventManager : Event: ======'machine_var_audits_switches_s_left_orbit'====== Args={'value': 189, 'prev_value': None, 'change': True}
2026-01-04 09:38:27,417 : INFO : EventManager : Event: ======'machine_var_audits_switches_s_left_outlane'====== Args={'value': 6, 'prev_value': None, 'change': True}
2026-01-04 09:38:27,417 : INFO : EventManager : Event: ======'machine_var_audits_switches_s_plunger_lane'====== Args={'value': 351, 'prev_value': None, 'change': True}
2026-01-04 09:38:27,417 : INFO : EventManager : Event: ======'machine_var_audits_switches_s_pop_bumper'====== Args={'value': 27, 'prev_value': None, 'change': True}
2026-01-04 09:38:27,417 : INFO : EventManager : Event: ======'machine_var_audits_switches_s_ramp'====== Args={'value': 83, 'prev_value': None, 'change': True}
2026-01-04 09:38:27,417 : INFO : EventManager : Event: ======'machine_var_audits_switches_s_right_flipper'====== Args={'value': 300, 'prev_value': None, 'change': True}
2026-01-04 09:38:27,417 : INFO : EventManager : Event: ======'machine_var_audits_switches_s_right_inlane'====== Args={'value': 16, 'prev_value': None, 'change': True}
2026-01-04 09:38:27,417 : INFO : EventManager : Event: ======'machine_var_audits_switches_s_right_orbit'====== Args={'value': 301, 'prev_value': None, 'change': True}
2026-01-04 09:38:27,417 : INFO : EventManager : Event: ======'machine_var_audits_switches_s_right_outlane'====== Args={'value': 13, 'prev_value': None, 'change': True}
2026-01-04 09:38:27,417 : INFO : EventManager : Event: ======'machine_var_audits_switches_s_saucer'====== Args={'value': 47, 'prev_value': None, 'change': True}
2026-01-04 09:38:27,417 : INFO : EventManager : Event: ======'machine_var_audits_switches_s_start'====== Args={'value': 63, 'prev_value': None, 'change': True}
2026-01-04 09:38:27,417 : INFO : EventManager : Event: ======'machine_var_audits_switches_s_top_left_slingshot'====== Args={'value': 23, 'prev_value': None, 'change': True}
2026-01-04 09:38:27,417 : INFO : EventManager : Event: ======'machine_var_audits_switches_s_top_right_slingshot'====== Args={'value': 25, 'prev_value': None, 'change': True}
2026-01-04 09:38:27,417 : INFO : EventManager : Event: ======'machine_var_audits_switches_s_trough_1'====== Args={'value': 68, 'prev_value': None, 'change': True}
2026-01-04 09:38:27,417 : INFO : EventManager : Event: ======'machine_var_audits_switches_s_trough_2'====== Args={'value': 9, 'prev_value': None, 'change': True}
2026-01-04 09:38:27,417 : INFO : EventManager : Event: ======'machine_var_audits_switches_s_trough_3'====== Args={'value': 52, 'prev_value': None, 'change': True}
2026-01-04 09:38:27,417 : INFO : EventManager : Event: ======'machine_var_audits_switches_s_vuk'====== Args={'value': 341, 'prev_value': None, 'change': True}
2026-01-04 09:38:27,417 : INFO : EventManager : Event: ======'init_phase_5'====== Args={}
2026-01-04 09:38:27,419 : INFO : EventManager : Event: ======'init_done'====== Args={}
2026-01-04 09:38:27,419 : INFO : EventManager : Event: ======'machine_reset_phase_1'====== Args={}
2026-01-04 09:38:27,419 : INFO : EventManager : Event: ======'machine_reset_phase_2'====== Args={}
2026-01-04 09:38:27,419 : INFO : EventManager : Event: ======'machine_reset_phase_3'====== Args={}
2026-01-04 09:38:27,419 : INFO : EventManager : Event: ======'reset_complete'====== Args={}
2026-01-04 09:38:27,419 : INFO : EventManager : Event: ======'mode_attract_will_start'====== Args={}
2026-01-04 09:38:27,419 : INFO : Timer.attract_carousel_timer : Starting Timer.
2026-01-04 09:38:27,419 : INFO : EventManager : Event: ======'timer_attract_carousel_timer_started'====== Args={'ticks': 0, 'ticks_remaining': 1}
2026-01-04 09:38:27,419 : INFO : EventManager : Event: ======'timer_attract_carousel_timer_tick'====== Args={'ticks': 0, 'ticks_remaining': 1}
2026-01-04 09:38:27,420 : INFO : EventManager : Event: ======'mode_attract_starting'====== Args={}
2026-01-04 09:38:27,420 : INFO : Mode.attract : Started. Priority: 10
2026-01-04 09:38:27,420 : INFO : EventManager : Event: ======'modes_active_modes_changed'====== Args={}
2026-01-04 09:38:27,420 : INFO : EventManager : Event: ======'mode_attract_started'====== Args={}
2026-01-04 09:38:27,420 : INFO : EventManager : Event: ======'collecting_balls_complete'====== Args={}
2026-01-04 09:38:27,420 : INFO : EventManager : Event: ======'carousel_item_highlighted'====== Args={'carousel': 'attract', 'direction': None, 'item': 'title'}
2026-01-04 09:38:27,420 : INFO : Machine : Starting the main run loop with active modes: [<Mode.attract>]
2026-01-04 09:38:34,921 : INFO : Timer.attract_carousel_timer : Timer Complete
2026-01-04 09:38:34,921 : INFO : Timer.attract_carousel_timer : Stopping Timer
2026-01-04 09:38:34,921 : INFO : EventManager : Event: ======'timer_attract_carousel_timer_stopped'====== Args={'ticks': 1, 'ticks_remaining': 1}
2026-01-04 09:38:34,921 : INFO : EventManager : Event: ======'timer_attract_carousel_timer_complete'====== Args={'ticks': 1, 'ticks_remaining': 1}
2026-01-04 09:38:34,922 : INFO : EventManager : Event: ======'carousel_item_highlighted'====== Args={'carousel': 'attract', 'direction': 'forwards', 'item': 'map'}
2026-01-04 09:38:34,922 : INFO : Timer.attract_carousel_timer : Starting Timer.
2026-01-04 09:38:34,922 : INFO : EventManager : Event: ======'timer_attract_carousel_timer_started'====== Args={'ticks': 0, 'ticks_remaining': 1}
2026-01-04 09:38:34,922 : INFO : EventManager : Event: ======'timer_attract_carousel_timer_tick'====== Args={'ticks': 0, 'ticks_remaining': 1}
2026-01-04 09:38:42,423 : INFO : Timer.attract_carousel_timer : Timer Complete
2026-01-04 09:38:42,423 : INFO : Timer.attract_carousel_timer : Stopping Timer
2026-01-04 09:38:42,423 : INFO : EventManager : Event: ======'timer_attract_carousel_timer_stopped'====== Args={'ticks': 1, 'ticks_remaining': 1}
2026-01-04 09:38:42,423 : INFO : EventManager : Event: ======'timer_attract_carousel_timer_complete'====== Args={'ticks': 1, 'ticks_remaining': 1}
2026-01-04 09:38:42,424 : INFO : EventManager : Event: ======'carousel_item_highlighted'====== Args={'carousel': 'attract', 'direction': 'forwards', 'item': 'credits'}
2026-01-04 09:38:42,424 : INFO : Timer.attract_carousel_timer : Starting Timer.
2026-01-04 09:38:42,424 : INFO : EventManager : Event: ======'timer_attract_carousel_timer_started'====== Args={'ticks': 0, 'ticks_remaining': 1}
2026-01-04 09:38:42,424 : INFO : EventManager : Event: ======'timer_attract_carousel_timer_tick'====== Args={'ticks': 0, 'ticks_remaining': 1}
2026-01-04 09:38:49,925 : INFO : Timer.attract_carousel_timer : Timer Complete
2026-01-04 09:38:49,925 : INFO : Timer.attract_carousel_timer : Stopping Timer
2026-01-04 09:38:49,925 : INFO : EventManager : Event: ======'timer_attract_carousel_timer_stopped'====== Args={'ticks': 1, 'ticks_remaining': 1}
2026-01-04 09:38:49,925 : INFO : EventManager : Event: ======'timer_attract_carousel_timer_complete'====== Args={'ticks': 1, 'ticks_remaining': 1}
2026-01-04 09:38:49,926 : INFO : EventManager : Event: ======'carousel_item_highlighted'====== Args={'carousel': 'attract', 'direction': 'forwards', 'item': 'mpf_and_cobrapin_logo'}
2026-01-04 09:38:49,926 : INFO : Timer.attract_carousel_timer : Starting Timer.
2026-01-04 09:38:49,926 : INFO : EventManager : Event: ======'timer_attract_carousel_timer_started'====== Args={'ticks': 0, 'ticks_remaining': 1}
2026-01-04 09:38:49,926 : INFO : EventManager : Event: ======'timer_attract_carousel_timer_tick'====== Args={'ticks': 0, 'ticks_remaining': 1}
2026-01-04 09:38:57,426 : INFO : Timer.attract_carousel_timer : Timer Complete
2026-01-04 09:38:57,426 : INFO : Timer.attract_carousel_timer : Stopping Timer
2026-01-04 09:38:57,427 : INFO : EventManager : Event: ======'timer_attract_carousel_timer_stopped'====== Args={'ticks': 1, 'ticks_remaining': 1}
2026-01-04 09:38:57,427 : INFO : EventManager : Event: ======'timer_attract_carousel_timer_complete'====== Args={'ticks': 1, 'ticks_remaining': 1}
2026-01-04 09:38:57,427 : INFO : EventManager : Event: ======'carousel_item_highlighted'====== Args={'carousel': 'attract', 'direction': 'forwards', 'item': 'team_cherry'}
2026-01-04 09:38:57,427 : INFO : Timer.attract_carousel_timer : Starting Timer.
2026-01-04 09:38:57,427 : INFO : EventManager : Event: ======'timer_attract_carousel_timer_started'====== Args={'ticks': 0, 'ticks_remaining': 1}
2026-01-04 09:38:57,427 : INFO : EventManager : Event: ======'timer_attract_carousel_timer_tick'====== Args={'ticks': 0, 'ticks_remaining': 1}
2026-01-04 09:39:04,928 : INFO : Timer.attract_carousel_timer : Timer Complete
2026-01-04 09:39:04,928 : INFO : Timer.attract_carousel_timer : Stopping Timer
2026-01-04 09:39:04,928 : INFO : EventManager : Event: ======'timer_attract_carousel_timer_stopped'====== Args={'ticks': 1, 'ticks_remaining': 1}
2026-01-04 09:39:04,928 : INFO : EventManager : Event: ======'timer_attract_carousel_timer_complete'====== Args={'ticks': 1, 'ticks_remaining': 1}
2026-01-04 09:39:04,928 : INFO : EventManager : Event: ======'carousel_item_highlighted'====== Args={'carousel': 'attract', 'direction': 'forwards', 'item': 'last_scores_1p'}
2026-01-04 09:39:04,929 : INFO : Timer.attract_carousel_timer : Starting Timer.
2026-01-04 09:39:04,929 : INFO : EventManager : Event: ======'timer_attract_carousel_timer_started'====== Args={'ticks': 0, 'ticks_remaining': 1}
2026-01-04 09:39:04,929 : INFO : EventManager : Event: ======'timer_attract_carousel_timer_tick'====== Args={'ticks': 0, 'ticks_remaining': 1}
2026-01-04 09:39:12,429 : INFO : Timer.attract_carousel_timer : Timer Complete
2026-01-04 09:39:12,430 : INFO : Timer.attract_carousel_timer : Stopping Timer
2026-01-04 09:39:12,430 : INFO : EventManager : Event: ======'timer_attract_carousel_timer_stopped'====== Args={'ticks': 1, 'ticks_remaining': 1}
2026-01-04 09:39:12,430 : INFO : EventManager : Event: ======'timer_attract_carousel_timer_complete'====== Args={'ticks': 1, 'ticks_remaining': 1}
2026-01-04 09:39:12,430 : INFO : EventManager : Event: ======'carousel_item_highlighted'====== Args={'carousel': 'attract', 'direction': 'forwards', 'item': 'tutorial_slash'}
2026-01-04 09:39:12,430 : INFO : Timer.attract_carousel_timer : Starting Timer.
2026-01-04 09:39:12,431 : INFO : EventManager : Event: ======'timer_attract_carousel_timer_started'====== Args={'ticks': 0, 'ticks_remaining': 1}
2026-01-04 09:39:12,431 : INFO : EventManager : Event: ======'timer_attract_carousel_timer_tick'====== Args={'ticks': 0, 'ticks_remaining': 1}
2026-01-04 09:39:19,932 : INFO : Timer.attract_carousel_timer : Timer Complete
2026-01-04 09:39:19,932 : INFO : Timer.attract_carousel_timer : Stopping Timer
2026-01-04 09:39:19,932 : INFO : EventManager : Event: ======'timer_attract_carousel_timer_stopped'====== Args={'ticks': 1, 'ticks_remaining': 1}
2026-01-04 09:39:19,932 : INFO : EventManager : Event: ======'timer_attract_carousel_timer_complete'====== Args={'ticks': 1, 'ticks_remaining': 1}
2026-01-04 09:39:19,933 : INFO : EventManager : Event: ======'carousel_item_highlighted'====== Args={'carousel': 'attract', 'direction': 'forwards', 'item': 'tutorial_damage'}
2026-01-04 09:39:19,933 : INFO : Timer.attract_carousel_timer : Starting Timer.
2026-01-04 09:39:19,933 : INFO : EventManager : Event: ======'timer_attract_carousel_timer_started'====== Args={'ticks': 0, 'ticks_remaining': 1}
2026-01-04 09:39:19,933 : INFO : EventManager : Event: ======'timer_attract_carousel_timer_tick'====== Args={'ticks': 0, 'ticks_remaining': 1}
2026-01-04 09:39:27,434 : INFO : Timer.attract_carousel_timer : Timer Complete
2026-01-04 09:39:27,434 : INFO : Timer.attract_carousel_timer : Stopping Timer
2026-01-04 09:39:27,434 : INFO : EventManager : Event: ======'timer_attract_carousel_timer_stopped'====== Args={'ticks': 1, 'ticks_remaining': 1}
2026-01-04 09:39:27,434 : INFO : EventManager : Event: ======'timer_attract_carousel_timer_complete'====== Args={'ticks': 1, 'ticks_remaining': 1}
2026-01-04 09:39:27,435 : INFO : EventManager : Event: ======'carousel_item_highlighted'====== Args={'carousel': 'attract', 'direction': 'forwards', 'item': 'tutorial_dodge'}
2026-01-04 09:39:27,435 : INFO : Timer.attract_carousel_timer : Starting Timer.
2026-01-04 09:39:27,435 : INFO : EventManager : Event: ======'timer_attract_carousel_timer_started'====== Args={'ticks': 0, 'ticks_remaining': 1}
2026-01-04 09:39:27,435 : INFO : EventManager : Event: ======'timer_attract_carousel_timer_tick'====== Args={'ticks': 0, 'ticks_remaining': 1}
2026-01-04 09:39:34,936 : INFO : Timer.attract_carousel_timer : Timer Complete
2026-01-04 09:39:34,936 : INFO : Timer.attract_carousel_timer : Stopping Timer
2026-01-04 09:39:34,936 : INFO : EventManager : Event: ======'timer_attract_carousel_timer_stopped'====== Args={'ticks': 1, 'ticks_remaining': 1}
2026-01-04 09:39:34,936 : INFO : EventManager : Event: ======'timer_attract_carousel_timer_complete'====== Args={'ticks': 1, 'ticks_remaining': 1}
2026-01-04 09:39:34,936 : INFO : EventManager : Event: ======'carousel_item_highlighted'====== Args={'carousel': 'attract', 'direction': 'forwards', 'item': 'tutorial_heal'}
2026-01-04 09:39:34,937 : INFO : Timer.attract_carousel_timer : Starting Timer.
2026-01-04 09:39:34,937 : INFO : EventManager : Event: ======'timer_attract_carousel_timer_started'====== Args={'ticks': 0, 'ticks_remaining': 1}
2026-01-04 09:39:34,937 : INFO : EventManager : Event: ======'timer_attract_carousel_timer_tick'====== Args={'ticks': 0, 'ticks_remaining': 1}
2026-01-04 09:39:42,437 : INFO : Timer.attract_carousel_timer : Timer Complete
2026-01-04 09:39:42,437 : INFO : Timer.attract_carousel_timer : Stopping Timer
2026-01-04 09:39:42,437 : INFO : EventManager : Event: ======'timer_attract_carousel_timer_stopped'====== Args={'ticks': 1, 'ticks_remaining': 1}
2026-01-04 09:39:42,437 : INFO : EventManager : Event: ======'timer_attract_carousel_timer_complete'====== Args={'ticks': 1, 'ticks_remaining': 1}
2026-01-04 09:39:42,438 : INFO : EventManager : Event: ======'carousel_item_highlighted'====== Args={'carousel': 'attract', 'direction': 'forwards', 'item': 'title'}
2026-01-04 09:39:42,438 : INFO : Timer.attract_carousel_timer : Starting Timer.
2026-01-04 09:39:42,438 : INFO : EventManager : Event: ======'timer_attract_carousel_timer_started'====== Args={'ticks': 0, 'ticks_remaining': 1}
2026-01-04 09:39:42,438 : INFO : EventManager : Event: ======'timer_attract_carousel_timer_tick'====== Args={'ticks': 0, 'ticks_remaining': 1}
2026-01-04 09:39:49,939 : INFO : Timer.attract_carousel_timer : Timer Complete
2026-01-04 09:39:49,939 : INFO : Timer.attract_carousel_timer : Stopping Timer
2026-01-04 09:39:49,939 : INFO : EventManager : Event: ======'timer_attract_carousel_timer_stopped'====== Args={'ticks': 1, 'ticks_remaining': 1}
2026-01-04 09:39:49,939 : INFO : EventManager : Event: ======'timer_attract_carousel_timer_complete'====== Args={'ticks': 1, 'ticks_remaining': 1}
2026-01-04 09:39:49,940 : INFO : EventManager : Event: ======'carousel_item_highlighted'====== Args={'carousel': 'attract', 'direction': 'forwards', 'item': 'map'}
2026-01-04 09:39:49,940 : INFO : Timer.attract_carousel_timer : Starting Timer.
2026-01-04 09:39:49,940 : INFO : EventManager : Event: ======'timer_attract_carousel_timer_started'====== Args={'ticks': 0, 'ticks_remaining': 1}
2026-01-04 09:39:49,940 : INFO : EventManager : Event: ======'timer_attract_carousel_timer_tick'====== Args={'ticks': 0, 'ticks_remaining': 1}
2026-01-04 09:39:57,440 : INFO : Timer.attract_carousel_timer : Timer Complete
2026-01-04 09:39:57,441 : INFO : Timer.attract_carousel_timer : Stopping Timer
2026-01-04 09:39:57,441 : INFO : EventManager : Event: ======'timer_attract_carousel_timer_stopped'====== Args={'ticks': 1, 'ticks_remaining': 1}
2026-01-04 09:39:57,441 : INFO : EventManager : Event: ======'timer_attract_carousel_timer_complete'====== Args={'ticks': 1, 'ticks_remaining': 1}
2026-01-04 09:39:57,441 : INFO : EventManager : Event: ======'carousel_item_highlighted'====== Args={'carousel': 'attract', 'direction': 'forwards', 'item': 'credits'}
2026-01-04 09:39:57,441 : INFO : Timer.attract_carousel_timer : Starting Timer.
2026-01-04 09:39:57,442 : INFO : EventManager : Event: ======'timer_attract_carousel_timer_started'====== Args={'ticks': 0, 'ticks_remaining': 1}
2026-01-04 09:39:57,442 : INFO : EventManager : Event: ======'timer_attract_carousel_timer_tick'====== Args={'ticks': 0, 'ticks_remaining': 1}
2026-01-04 09:40:04,942 : INFO : Timer.attract_carousel_timer : Timer Complete
2026-01-04 09:40:04,944 : INFO : Timer.attract_carousel_timer : Stopping Timer
2026-01-04 09:40:04,944 : INFO : EventManager : Event: ======'timer_attract_carousel_timer_stopped'====== Args={'ticks': 1, 'ticks_remaining': 1}
2026-01-04 09:40:04,944 : INFO : EventManager : Event: ======'timer_attract_carousel_timer_complete'====== Args={'ticks': 1, 'ticks_remaining': 1}
2026-01-04 09:40:04,945 : INFO : EventManager : Event: ======'carousel_item_highlighted'====== Args={'carousel': 'attract', 'direction': 'forwards', 'item': 'mpf_and_cobrapin_logo'}
2026-01-04 09:40:04,945 : INFO : Timer.attract_carousel_timer : Starting Timer.
2026-01-04 09:40:04,945 : INFO : EventManager : Event: ======'timer_attract_carousel_timer_started'====== Args={'ticks': 0, 'ticks_remaining': 1}
2026-01-04 09:40:04,945 : INFO : EventManager : Event: ======'timer_attract_carousel_timer_tick'====== Args={'ticks': 0, 'ticks_remaining': 1}
2026-01-04 09:40:12,445 : INFO : Timer.attract_carousel_timer : Timer Complete
2026-01-04 09:40:12,446 : INFO : Timer.attract_carousel_timer : Stopping Timer
2026-01-04 09:40:12,446 : INFO : EventManager : Event: ======'timer_attract_carousel_timer_stopped'====== Args={'ticks': 1, 'ticks_remaining': 1}
2026-01-04 09:40:12,446 : INFO : EventManager : Event: ======'timer_attract_carousel_timer_complete'====== Args={'ticks': 1, 'ticks_remaining': 1}
2026-01-04 09:40:12,446 : INFO : EventManager : Event: ======'carousel_item_highlighted'====== Args={'carousel': 'attract', 'direction': 'forwards', 'item': 'team_cherry'}
2026-01-04 09:40:12,446 : INFO : Timer.attract_carousel_timer : Starting Timer.
2026-01-04 09:40:12,447 : INFO : EventManager : Event: ======'timer_attract_carousel_timer_started'====== Args={'ticks': 0, 'ticks_remaining': 1}
2026-01-04 09:40:12,447 : INFO : EventManager : Event: ======'timer_attract_carousel_timer_tick'====== Args={'ticks': 0, 'ticks_remaining': 1}
2026-01-04 09:40:19,947 : INFO : Timer.attract_carousel_timer : Timer Complete
2026-01-04 09:40:19,947 : INFO : Timer.attract_carousel_timer : Stopping Timer
2026-01-04 09:40:19,947 : INFO : EventManager : Event: ======'timer_attract_carousel_timer_stopped'====== Args={'ticks': 1, 'ticks_remaining': 1}
2026-01-04 09:40:19,947 : INFO : EventManager : Event: ======'timer_attract_carousel_timer_complete'====== Args={'ticks': 1, 'ticks_remaining': 1}
2026-01-04 09:40:19,948 : INFO : EventManager : Event: ======'carousel_item_highlighted'====== Args={'carousel': 'attract', 'direction': 'forwards', 'item': 'last_scores_1p'}
2026-01-04 09:40:19,948 : INFO : Timer.attract_carousel_timer : Starting Timer.
2026-01-04 09:40:19,948 : INFO : EventManager : Event: ======'timer_attract_carousel_timer_started'====== Args={'ticks': 0, 'ticks_remaining': 1}
2026-01-04 09:40:19,948 : INFO : EventManager : Event: ======'timer_attract_carousel_timer_tick'====== Args={'ticks': 0, 'ticks_remaining': 1}
2026-01-04 09:40:27,449 : INFO : Timer.attract_carousel_timer : Timer Complete
2026-01-04 09:40:27,450 : INFO : Timer.attract_carousel_timer : Stopping Timer
2026-01-04 09:40:27,450 : INFO : EventManager : Event: ======'timer_attract_carousel_timer_stopped'====== Args={'ticks': 1, 'ticks_remaining': 1}
2026-01-04 09:40:27,450 : INFO : EventManager : Event: ======'timer_attract_carousel_timer_complete'====== Args={'ticks': 1, 'ticks_remaining': 1}
2026-01-04 09:40:27,450 : INFO : EventManager : Event: ======'carousel_item_highlighted'====== Args={'carousel': 'attract', 'direction': 'forwards', 'item': 'tutorial_slash'}
2026-01-04 09:40:27,450 : INFO : Timer.attract_carousel_timer : Starting Timer.
2026-01-04 09:40:27,451 : INFO : EventManager : Event: ======'timer_attract_carousel_timer_started'====== Args={'ticks': 0, 'ticks_remaining': 1}
2026-01-04 09:40:27,451 : INFO : EventManager : Event: ======'timer_attract_carousel_timer_tick'====== Args={'ticks': 0, 'ticks_remaining': 1}
2026-01-04 09:40:34,951 : INFO : Timer.attract_carousel_timer : Timer Complete
2026-01-04 09:40:34,951 : INFO : Timer.attract_carousel_timer : Stopping Timer
2026-01-04 09:40:34,952 : INFO : EventManager : Event: ======'timer_attract_carousel_timer_stopped'====== Args={'ticks': 1, 'ticks_remaining': 1}
2026-01-04 09:40:34,952 : INFO : EventManager : Event: ======'timer_attract_carousel_timer_complete'====== Args={'ticks': 1, 'ticks_remaining': 1}
2026-01-04 09:40:34,952 : INFO : EventManager : Event: ======'carousel_item_highlighted'====== Args={'carousel': 'attract', 'direction': 'forwards', 'item': 'tutorial_damage'}
2026-01-04 09:40:34,952 : INFO : Timer.attract_carousel_timer : Starting Timer.
2026-01-04 09:40:34,952 : INFO : EventManager : Event: ======'timer_attract_carousel_timer_started'====== Args={'ticks': 0, 'ticks_remaining': 1}
2026-01-04 09:40:34,952 : INFO : EventManager : Event: ======'timer_attract_carousel_timer_tick'====== Args={'ticks': 0, 'ticks_remaining': 1}
2026-01-04 09:40:42,453 : INFO : Timer.attract_carousel_timer : Timer Complete
2026-01-04 09:40:42,453 : INFO : Timer.attract_carousel_timer : Stopping Timer
2026-01-04 09:40:42,453 : INFO : EventManager : Event: ======'timer_attract_carousel_timer_stopped'====== Args={'ticks': 1, 'ticks_remaining': 1}
2026-01-04 09:40:42,453 : INFO : EventManager : Event: ======'timer_attract_carousel_timer_complete'====== Args={'ticks': 1, 'ticks_remaining': 1}
2026-01-04 09:40:42,454 : INFO : EventManager : Event: ======'carousel_item_highlighted'====== Args={'carousel': 'attract', 'direction': 'forwards', 'item': 'tutorial_dodge'}
2026-01-04 09:40:42,454 : INFO : Timer.attract_carousel_timer : Starting Timer.
2026-01-04 09:40:42,454 : INFO : EventManager : Event: ======'timer_attract_carousel_timer_started'====== Args={'ticks': 0, 'ticks_remaining': 1}
2026-01-04 09:40:42,454 : INFO : EventManager : Event: ======'timer_attract_carousel_timer_tick'====== Args={'ticks': 0, 'ticks_remaining': 1}
2026-01-04 09:40:49,955 : INFO : Timer.attract_carousel_timer : Timer Complete
2026-01-04 09:40:49,955 : INFO : Timer.attract_carousel_timer : Stopping Timer
2026-01-04 09:40:49,955 : INFO : EventManager : Event: ======'timer_attract_carousel_timer_stopped'====== Args={'ticks': 1, 'ticks_remaining': 1}
2026-01-04 09:40:49,955 : INFO : EventManager : Event: ======'timer_attract_carousel_timer_complete'====== Args={'ticks': 1, 'ticks_remaining': 1}
2026-01-04 09:40:49,956 : INFO : EventManager : Event: ======'carousel_item_highlighted'====== Args={'carousel': 'attract', 'direction': 'forwards', 'item': 'tutorial_heal'}
2026-01-04 09:40:49,956 : INFO : Timer.attract_carousel_timer : Starting Timer.
2026-01-04 09:40:49,956 : INFO : EventManager : Event: ======'timer_attract_carousel_timer_started'====== Args={'ticks': 0, 'ticks_remaining': 1}
2026-01-04 09:40:49,956 : INFO : EventManager : Event: ======'timer_attract_carousel_timer_tick'====== Args={'ticks': 0, 'ticks_remaining': 1}
2026-01-04 09:40:57,457 : INFO : Timer.attract_carousel_timer : Timer Complete
2026-01-04 09:40:57,457 : INFO : Timer.attract_carousel_timer : Stopping Timer
2026-01-04 09:40:57,457 : INFO : EventManager : Event: ======'timer_attract_carousel_timer_stopped'====== Args={'ticks': 1, 'ticks_remaining': 1}
2026-01-04 09:40:57,457 : INFO : EventManager : Event: ======'timer_attract_carousel_timer_complete'====== Args={'ticks': 1, 'ticks_remaining': 1}
2026-01-04 09:40:57,458 : INFO : EventManager : Event: ======'carousel_item_highlighted'====== Args={'carousel': 'attract', 'direction': 'forwards', 'item': 'title'}
2026-01-04 09:40:57,458 : INFO : Timer.attract_carousel_timer : Starting Timer.
2026-01-04 09:40:57,458 : INFO : EventManager : Event: ======'timer_attract_carousel_timer_started'====== Args={'ticks': 0, 'ticks_remaining': 1}
2026-01-04 09:40:57,458 : INFO : EventManager : Event: ======'timer_attract_carousel_timer_tick'====== Args={'ticks': 0, 'ticks_remaining': 1}
2026-01-04 09:41:04,958 : INFO : Timer.attract_carousel_timer : Timer Complete
2026-01-04 09:41:04,959 : INFO : Timer.attract_carousel_timer : Stopping Timer
2026-01-04 09:41:04,959 : INFO : EventManager : Event: ======'timer_attract_carousel_timer_stopped'====== Args={'ticks': 1, 'ticks_remaining': 1}
2026-01-04 09:41:04,959 : INFO : EventManager : Event: ======'timer_attract_carousel_timer_complete'====== Args={'ticks': 1, 'ticks_remaining': 1}
2026-01-04 09:41:04,959 : INFO : EventManager : Event: ======'carousel_item_highlighted'====== Args={'carousel': 'attract', 'direction': 'forwards', 'item': 'map'}
2026-01-04 09:41:04,959 : INFO : Timer.attract_carousel_timer : Starting Timer.
2026-01-04 09:41:04,959 : INFO : EventManager : Event: ======'timer_attract_carousel_timer_started'====== Args={'ticks': 0, 'ticks_remaining': 1}
2026-01-04 09:41:04,960 : INFO : EventManager : Event: ======'timer_attract_carousel_timer_tick'====== Args={'ticks': 0, 'ticks_remaining': 1}
2026-01-04 09:41:12,460 : INFO : Timer.attract_carousel_timer : Timer Complete
2026-01-04 09:41:12,460 : INFO : Timer.attract_carousel_timer : Stopping Timer
2026-01-04 09:41:12,460 : INFO : EventManager : Event: ======'timer_attract_carousel_timer_stopped'====== Args={'ticks': 1, 'ticks_remaining': 1}
2026-01-04 09:41:12,460 : INFO : EventManager : Event: ======'timer_attract_carousel_timer_complete'====== Args={'ticks': 1, 'ticks_remaining': 1}
2026-01-04 09:41:12,461 : INFO : EventManager : Event: ======'carousel_item_highlighted'====== Args={'carousel': 'attract', 'direction': 'forwards', 'item': 'credits'}
2026-01-04 09:41:12,461 : INFO : Timer.attract_carousel_timer : Starting Timer.
2026-01-04 09:41:12,461 : INFO : EventManager : Event: ======'timer_attract_carousel_timer_started'====== Args={'ticks': 0, 'ticks_remaining': 1}
2026-01-04 09:41:12,461 : INFO : EventManager : Event: ======'timer_attract_carousel_timer_tick'====== Args={'ticks': 0, 'ticks_remaining': 1}
2026-01-04 09:41:19,961 : INFO : Timer.attract_carousel_timer : Timer Complete
2026-01-04 09:41:19,962 : INFO : Timer.attract_carousel_timer : Stopping Timer
2026-01-04 09:41:19,962 : INFO : EventManager : Event: ======'timer_attract_carousel_timer_stopped'====== Args={'ticks': 1, 'ticks_remaining': 1}
2026-01-04 09:41:19,962 : INFO : EventManager : Event: ======'timer_attract_carousel_timer_complete'====== Args={'ticks': 1, 'ticks_remaining': 1}
2026-01-04 09:41:19,962 : INFO : EventManager : Event: ======'carousel_item_highlighted'====== Args={'carousel': 'attract', 'direction': 'forwards', 'item': 'mpf_and_cobrapin_logo'}
2026-01-04 09:41:19,962 : INFO : Timer.attract_carousel_timer : Starting Timer.
2026-01-04 09:41:19,963 : INFO : EventManager : Event: ======'timer_attract_carousel_timer_started'====== Args={'ticks': 0, 'ticks_remaining': 1}
2026-01-04 09:41:19,963 : INFO : EventManager : Event: ======'timer_attract_carousel_timer_tick'====== Args={'ticks': 0, 'ticks_remaining': 1}
2026-01-04 09:41:27,463 : INFO : Timer.attract_carousel_timer : Timer Complete
2026-01-04 09:41:27,463 : INFO : Timer.attract_carousel_timer : Stopping Timer
2026-01-04 09:41:27,463 : INFO : EventManager : Event: ======'timer_attract_carousel_timer_stopped'====== Args={'ticks': 1, 'ticks_remaining': 1}
2026-01-04 09:41:27,463 : INFO : EventManager : Event: ======'timer_attract_carousel_timer_complete'====== Args={'ticks': 1, 'ticks_remaining': 1}
2026-01-04 09:41:27,464 : INFO : EventManager : Event: ======'carousel_item_highlighted'====== Args={'carousel': 'attract', 'direction': 'forwards', 'item': 'team_cherry'}
2026-01-04 09:41:27,464 : INFO : Timer.attract_carousel_timer : Starting Timer.
2026-01-04 09:41:27,464 : INFO : EventManager : Event: ======'timer_attract_carousel_timer_started'====== Args={'ticks': 0, 'ticks_remaining': 1}
2026-01-04 09:41:27,464 : INFO : EventManager : Event: ======'timer_attract_carousel_timer_tick'====== Args={'ticks': 0, 'ticks_remaining': 1}
2026-01-04 09:41:34,965 : INFO : Timer.attract_carousel_timer : Timer Complete
2026-01-04 09:41:34,965 : INFO : Timer.attract_carousel_timer : Stopping Timer
2026-01-04 09:41:34,965 : INFO : EventManager : Event: ======'timer_attract_carousel_timer_stopped'====== Args={'ticks': 1, 'ticks_remaining': 1}
2026-01-04 09:41:34,965 : INFO : EventManager : Event: ======'timer_attract_carousel_timer_complete'====== Args={'ticks': 1, 'ticks_remaining': 1}
2026-01-04 09:41:34,966 : INFO : EventManager : Event: ======'carousel_item_highlighted'====== Args={'carousel': 'attract', 'direction': 'forwards', 'item': 'last_scores_1p'}
2026-01-04 09:41:34,966 : INFO : Timer.attract_carousel_timer : Starting Timer.
2026-01-04 09:41:34,966 : INFO : EventManager : Event: ======'timer_attract_carousel_timer_started'====== Args={'ticks': 0, 'ticks_remaining': 1}
2026-01-04 09:41:34,966 : INFO : EventManager : Event: ======'timer_attract_carousel_timer_tick'====== Args={'ticks': 0, 'ticks_remaining': 1}
2026-01-04 09:41:42,467 : INFO : Timer.attract_carousel_timer : Timer Complete
2026-01-04 09:41:42,467 : INFO : Timer.attract_carousel_timer : Stopping Timer
2026-01-04 09:41:42,467 : INFO : EventManager : Event: ======'timer_attract_carousel_timer_stopped'====== Args={'ticks': 1, 'ticks_remaining': 1}
2026-01-04 09:41:42,467 : INFO : EventManager : Event: ======'timer_attract_carousel_timer_complete'====== Args={'ticks': 1, 'ticks_remaining': 1}
2026-01-04 09:41:42,468 : INFO : EventManager : Event: ======'carousel_item_highlighted'====== Args={'carousel': 'attract', 'direction': 'forwards', 'item': 'tutorial_slash'}
2026-01-04 09:41:42,468 : INFO : Timer.attract_carousel_timer : Starting Timer.
2026-01-04 09:41:42,468 : INFO : EventManager : Event: ======'timer_attract_carousel_timer_started'====== Args={'ticks': 0, 'ticks_remaining': 1}
2026-01-04 09:41:42,468 : INFO : EventManager : Event: ======'timer_attract_carousel_timer_tick'====== Args={'ticks': 0, 'ticks_remaining': 1}
2026-01-04 09:41:49,969 : INFO : Timer.attract_carousel_timer : Timer Complete
2026-01-04 09:41:49,969 : INFO : Timer.attract_carousel_timer : Stopping Timer
2026-01-04 09:41:49,970 : INFO : EventManager : Event: ======'timer_attract_carousel_timer_stopped'====== Args={'ticks': 1, 'ticks_remaining': 1}
2026-01-04 09:41:49,970 : INFO : EventManager : Event: ======'timer_attract_carousel_timer_complete'====== Args={'ticks': 1, 'ticks_remaining': 1}
2026-01-04 09:41:49,970 : INFO : EventManager : Event: ======'carousel_item_highlighted'====== Args={'carousel': 'attract', 'direction': 'forwards', 'item': 'tutorial_damage'}
2026-01-04 09:41:49,970 : INFO : Timer.attract_carousel_timer : Starting Timer.
2026-01-04 09:41:49,970 : INFO : EventManager : Event: ======'timer_attract_carousel_timer_started'====== Args={'ticks': 0, 'ticks_remaining': 1}
2026-01-04 09:41:49,971 : INFO : EventManager : Event: ======'timer_attract_carousel_timer_tick'====== Args={'ticks': 0, 'ticks_remaining': 1}
2026-01-04 09:41:57,471 : INFO : Timer.attract_carousel_timer : Timer Complete
2026-01-04 09:41:57,471 : INFO : Timer.attract_carousel_timer : Stopping Timer
2026-01-04 09:41:57,471 : INFO : EventManager : Event: ======'timer_attract_carousel_timer_stopped'====== Args={'ticks': 1, 'ticks_remaining': 1}
2026-01-04 09:41:57,471 : INFO : EventManager : Event: ======'timer_attract_carousel_timer_complete'====== Args={'ticks': 1, 'ticks_remaining': 1}
2026-01-04 09:41:57,472 : INFO : EventManager : Event: ======'carousel_item_highlighted'====== Args={'carousel': 'attract', 'direction': 'forwards', 'item': 'tutorial_dodge'}
2026-01-04 09:41:57,472 : INFO : Timer.attract_carousel_timer : Starting Timer.
2026-01-04 09:41:57,472 : INFO : EventManager : Event: ======'timer_attract_carousel_timer_started'====== Args={'ticks': 0, 'ticks_remaining': 1}
2026-01-04 09:41:57,472 : INFO : EventManager : Event: ======'timer_attract_carousel_timer_tick'====== Args={'ticks': 0, 'ticks_remaining': 1}
2026-01-04 09:42:04,972 : INFO : Timer.attract_carousel_timer : Timer Complete
2026-01-04 09:42:04,972 : INFO : Timer.attract_carousel_timer : Stopping Timer
2026-01-04 09:42:04,973 : INFO : EventManager : Event: ======'timer_attract_carousel_timer_stopped'====== Args={'ticks': 1, 'ticks_remaining': 1}
2026-01-04 09:42:04,973 : INFO : EventManager : Event: ======'timer_attract_carousel_timer_complete'====== Args={'ticks': 1, 'ticks_remaining': 1}
2026-01-04 09:42:04,973 : INFO : EventManager : Event: ======'carousel_item_highlighted'====== Args={'carousel': 'attract', 'direction': 'forwards', 'item': 'tutorial_heal'}
2026-01-04 09:42:04,973 : INFO : Timer.attract_carousel_timer : Starting Timer.
2026-01-04 09:42:04,973 : INFO : EventManager : Event: ======'timer_attract_carousel_timer_started'====== Args={'ticks': 0, 'ticks_remaining': 1}
2026-01-04 09:42:04,973 : INFO : EventManager : Event: ======'timer_attract_carousel_timer_tick'====== Args={'ticks': 0, 'ticks_remaining': 1}
2026-01-04 09:42:12,474 : INFO : Timer.attract_carousel_timer : Timer Complete
2026-01-04 09:42:12,474 : INFO : Timer.attract_carousel_timer : Stopping Timer
2026-01-04 09:42:12,474 : INFO : EventManager : Event: ======'timer_attract_carousel_timer_stopped'====== Args={'ticks': 1, 'ticks_remaining': 1}
2026-01-04 09:42:12,474 : INFO : EventManager : Event: ======'timer_attract_carousel_timer_complete'====== Args={'ticks': 1, 'ticks_remaining': 1}
2026-01-04 09:42:12,474 : INFO : EventManager : Event: ======'carousel_item_highlighted'====== Args={'carousel': 'attract', 'direction': 'forwards', 'item': 'title'}
2026-01-04 09:42:12,474 : INFO : Timer.attract_carousel_timer : Starting Timer.
2026-01-04 09:42:12,474 : INFO : EventManager : Event: ======'timer_attract_carousel_timer_started'====== Args={'ticks': 0, 'ticks_remaining': 1}
2026-01-04 09:42:12,474 : INFO : EventManager : Event: ======'timer_attract_carousel_timer_tick'====== Args={'ticks': 0, 'ticks_remaining': 1}
2026-01-04 09:42:19,975 : INFO : Timer.attract_carousel_timer : Timer Complete
2026-01-04 09:42:19,975 : INFO : Timer.attract_carousel_timer : Stopping Timer
2026-01-04 09:42:19,976 : INFO : EventManager : Event: ======'timer_attract_carousel_timer_stopped'====== Args={'ticks': 1, 'ticks_remaining': 1}
2026-01-04 09:42:19,976 : INFO : EventManager : Event: ======'timer_attract_carousel_timer_complete'====== Args={'ticks': 1, 'ticks_remaining': 1}
2026-01-04 09:42:19,976 : INFO : EventManager : Event: ======'carousel_item_highlighted'====== Args={'carousel': 'attract', 'direction': 'forwards', 'item': 'map'}
2026-01-04 09:42:19,976 : INFO : Timer.attract_carousel_timer : Starting Timer.
2026-01-04 09:42:19,976 : INFO : EventManager : Event: ======'timer_attract_carousel_timer_started'====== Args={'ticks': 0, 'ticks_remaining': 1}
2026-01-04 09:42:19,976 : INFO : EventManager : Event: ======'timer_attract_carousel_timer_tick'====== Args={'ticks': 0, 'ticks_remaining': 1}
2026-01-04 09:42:27,477 : INFO : Timer.attract_carousel_timer : Timer Complete
2026-01-04 09:42:27,477 : INFO : Timer.attract_carousel_timer : Stopping Timer
2026-01-04 09:42:27,478 : INFO : EventManager : Event: ======'timer_attract_carousel_timer_stopped'====== Args={'ticks': 1, 'ticks_remaining': 1}
2026-01-04 09:42:27,478 : INFO : EventManager : Event: ======'timer_attract_carousel_timer_complete'====== Args={'ticks': 1, 'ticks_remaining': 1}
2026-01-04 09:42:27,478 : INFO : EventManager : Event: ======'carousel_item_highlighted'====== Args={'carousel': 'attract', 'direction': 'forwards', 'item': 'credits'}
2026-01-04 09:42:27,478 : INFO : Timer.attract_carousel_timer : Starting Timer.
2026-01-04 09:42:27,478 : INFO : EventManager : Event: ======'timer_attract_carousel_timer_started'====== Args={'ticks': 0, 'ticks_remaining': 1}
2026-01-04 09:42:27,478 : INFO : EventManager : Event: ======'timer_attract_carousel_timer_tick'====== Args={'ticks': 0, 'ticks_remaining': 1}
2026-01-04 09:42:34,979 : INFO : Timer.attract_carousel_timer : Timer Complete
2026-01-04 09:42:34,979 : INFO : Timer.attract_carousel_timer : Stopping Timer
2026-01-04 09:42:34,979 : INFO : EventManager : Event: ======'timer_attract_carousel_timer_stopped'====== Args={'ticks': 1, 'ticks_remaining': 1}
2026-01-04 09:42:34,979 : INFO : EventManager : Event: ======'timer_attract_carousel_timer_complete'====== Args={'ticks': 1, 'ticks_remaining': 1}
2026-01-04 09:42:34,979 : INFO : EventManager : Event: ======'carousel_item_highlighted'====== Args={'carousel': 'attract', 'direction': 'forwards', 'item': 'mpf_and_cobrapin_logo'}
2026-01-04 09:42:34,980 : INFO : Timer.attract_carousel_timer : Starting Timer.
2026-01-04 09:42:34,980 : INFO : EventManager : Event: ======'timer_attract_carousel_timer_started'====== Args={'ticks': 0, 'ticks_remaining': 1}
2026-01-04 09:42:34,980 : INFO : EventManager : Event: ======'timer_attract_carousel_timer_tick'====== Args={'ticks': 0, 'ticks_remaining': 1}
2026-01-04 09:42:42,481 : INFO : Timer.attract_carousel_timer : Timer Complete
2026-01-04 09:42:42,481 : INFO : Timer.attract_carousel_timer : Stopping Timer
2026-01-04 09:42:42,481 : INFO : EventManager : Event: ======'timer_attract_carousel_timer_stopped'====== Args={'ticks': 1, 'ticks_remaining': 1}
2026-01-04 09:42:42,481 : INFO : EventManager : Event: ======'timer_attract_carousel_timer_complete'====== Args={'ticks': 1, 'ticks_remaining': 1}
2026-01-04 09:42:42,482 : INFO : EventManager : Event: ======'carousel_item_highlighted'====== Args={'carousel': 'attract', 'direction': 'forwards', 'item': 'team_cherry'}
2026-01-04 09:42:42,482 : INFO : Timer.attract_carousel_timer : Starting Timer.
2026-01-04 09:42:42,482 : INFO : EventManager : Event: ======'timer_attract_carousel_timer_started'====== Args={'ticks': 0, 'ticks_remaining': 1}
2026-01-04 09:42:42,482 : INFO : EventManager : Event: ======'timer_attract_carousel_timer_tick'====== Args={'ticks': 0, 'ticks_remaining': 1}
2026-01-04 09:42:49,983 : INFO : Timer.attract_carousel_timer : Timer Complete
2026-01-04 09:42:49,983 : INFO : Timer.attract_carousel_timer : Stopping Timer
2026-01-04 09:42:49,983 : INFO : EventManager : Event: ======'timer_attract_carousel_timer_stopped'====== Args={'ticks': 1, 'ticks_remaining': 1}
2026-01-04 09:42:49,984 : INFO : EventManager : Event: ======'timer_attract_carousel_timer_complete'====== Args={'ticks': 1, 'ticks_remaining': 1}
2026-01-04 09:42:49,984 : INFO : EventManager : Event: ======'carousel_item_highlighted'====== Args={'carousel': 'attract', 'direction': 'forwards', 'item': 'last_scores_1p'}
2026-01-04 09:42:49,984 : INFO : Timer.attract_carousel_timer : Starting Timer.
2026-01-04 09:42:49,984 : INFO : EventManager : Event: ======'timer_attract_carousel_timer_started'====== Args={'ticks': 0, 'ticks_remaining': 1}
2026-01-04 09:42:49,984 : INFO : EventManager : Event: ======'timer_attract_carousel_timer_tick'====== Args={'ticks': 0, 'ticks_remaining': 1}
2026-01-04 09:42:57,486 : INFO : Timer.attract_carousel_timer : Timer Complete
2026-01-04 09:42:57,486 : INFO : Timer.attract_carousel_timer : Stopping Timer
2026-01-04 09:42:57,486 : INFO : EventManager : Event: ======'timer_attract_carousel_timer_stopped'====== Args={'ticks': 1, 'ticks_remaining': 1}
2026-01-04 09:42:57,486 : INFO : EventManager : Event: ======'timer_attract_carousel_timer_complete'====== Args={'ticks': 1, 'ticks_remaining': 1}
2026-01-04 09:42:57,487 : INFO : EventManager : Event: ======'carousel_item_highlighted'====== Args={'carousel': 'attract', 'direction': 'forwards', 'item': 'tutorial_slash'}
2026-01-04 09:42:57,487 : INFO : Timer.attract_carousel_timer : Starting Timer.
2026-01-04 09:42:57,487 : INFO : EventManager : Event: ======'timer_attract_carousel_timer_started'====== Args={'ticks': 0, 'ticks_remaining': 1}
2026-01-04 09:42:57,487 : INFO : EventManager : Event: ======'timer_attract_carousel_timer_tick'====== Args={'ticks': 0, 'ticks_remaining': 1}
2026-01-04 09:43:04,989 : INFO : Timer.attract_carousel_timer : Timer Complete
2026-01-04 09:43:04,990 : INFO : Timer.attract_carousel_timer : Stopping Timer
2026-01-04 09:43:04,990 : INFO : EventManager : Event: ======'timer_attract_carousel_timer_stopped'====== Args={'ticks': 1, 'ticks_remaining': 1}
2026-01-04 09:43:04,990 : INFO : EventManager : Event: ======'timer_attract_carousel_timer_complete'====== Args={'ticks': 1, 'ticks_remaining': 1}
2026-01-04 09:43:04,990 : INFO : EventManager : Event: ======'carousel_item_highlighted'====== Args={'carousel': 'attract', 'direction': 'forwards', 'item': 'tutorial_damage'}
2026-01-04 09:43:04,990 : INFO : Timer.attract_carousel_timer : Starting Timer.
2026-01-04 09:43:04,991 : INFO : EventManager : Event: ======'timer_attract_carousel_timer_started'====== Args={'ticks': 0, 'ticks_remaining': 1}
2026-01-04 09:43:04,991 : INFO : EventManager : Event: ======'timer_attract_carousel_timer_tick'====== Args={'ticks': 0, 'ticks_remaining': 1}
2026-01-04 09:43:12,492 : INFO : Timer.attract_carousel_timer : Timer Complete
2026-01-04 09:43:12,492 : INFO : Timer.attract_carousel_timer : Stopping Timer
2026-01-04 09:43:12,492 : INFO : EventManager : Event: ======'timer_attract_carousel_timer_stopped'====== Args={'ticks': 1, 'ticks_remaining': 1}
2026-01-04 09:43:12,492 : INFO : EventManager : Event: ======'timer_attract_carousel_timer_complete'====== Args={'ticks': 1, 'ticks_remaining': 1}
2026-01-04 09:43:12,492 : INFO : EventManager : Event: ======'carousel_item_highlighted'====== Args={'carousel': 'attract', 'direction': 'forwards', 'item': 'tutorial_dodge'}
2026-01-04 09:43:12,493 : INFO : Timer.attract_carousel_timer : Starting Timer.
2026-01-04 09:43:12,493 : INFO : EventManager : Event: ======'timer_attract_carousel_timer_started'====== Args={'ticks': 0, 'ticks_remaining': 1}
2026-01-04 09:43:12,493 : INFO : EventManager : Event: ======'timer_attract_carousel_timer_tick'====== Args={'ticks': 0, 'ticks_remaining': 1}
2026-01-04 09:43:19,993 : INFO : Timer.attract_carousel_timer : Timer Complete
2026-01-04 09:43:19,993 : INFO : Timer.attract_carousel_timer : Stopping Timer
2026-01-04 09:43:19,994 : INFO : EventManager : Event: ======'timer_attract_carousel_timer_stopped'====== Args={'ticks': 1, 'ticks_remaining': 1}
2026-01-04 09:43:19,994 : INFO : EventManager : Event: ======'timer_attract_carousel_timer_complete'====== Args={'ticks': 1, 'ticks_remaining': 1}
2026-01-04 09:43:19,994 : INFO : EventManager : Event: ======'carousel_item_highlighted'====== Args={'carousel': 'attract', 'direction': 'forwards', 'item': 'tutorial_heal'}
2026-01-04 09:43:19,994 : INFO : Timer.attract_carousel_timer : Starting Timer.
2026-01-04 09:43:19,994 : INFO : EventManager : Event: ======'timer_attract_carousel_timer_started'====== Args={'ticks': 0, 'ticks_remaining': 1}
2026-01-04 09:43:19,994 : INFO : EventManager : Event: ======'timer_attract_carousel_timer_tick'====== Args={'ticks': 0, 'ticks_remaining': 1}
2026-01-04 09:43:27,495 : INFO : Timer.attract_carousel_timer : Timer Complete
2026-01-04 09:43:27,496 : INFO : Timer.attract_carousel_timer : Stopping Timer
2026-01-04 09:43:27,496 : INFO : EventManager : Event: ======'timer_attract_carousel_timer_stopped'====== Args={'ticks': 1, 'ticks_remaining': 1}
2026-01-04 09:43:27,496 : INFO : EventManager : Event: ======'timer_attract_carousel_timer_complete'====== Args={'ticks': 1, 'ticks_remaining': 1}
2026-01-04 09:43:27,496 : INFO : EventManager : Event: ======'carousel_item_highlighted'====== Args={'carousel': 'attract', 'direction': 'forwards', 'item': 'title'}
2026-01-04 09:43:27,496 : INFO : Timer.attract_carousel_timer : Starting Timer.
2026-01-04 09:43:27,496 : INFO : EventManager : Event: ======'timer_attract_carousel_timer_started'====== Args={'ticks': 0, 'ticks_remaining': 1}
2026-01-04 09:43:27,497 : INFO : EventManager : Event: ======'timer_attract_carousel_timer_tick'====== Args={'ticks': 0, 'ticks_remaining': 1}
2026-01-04 09:43:34,999 : INFO : Timer.attract_carousel_timer : Timer Complete
2026-01-04 09:43:34,999 : INFO : Timer.attract_carousel_timer : Stopping Timer
2026-01-04 09:43:34,999 : INFO : EventManager : Event: ======'timer_attract_carousel_timer_stopped'====== Args={'ticks': 1, 'ticks_remaining': 1}
2026-01-04 09:43:34,999 : INFO : EventManager : Event: ======'timer_attract_carousel_timer_complete'====== Args={'ticks': 1, 'ticks_remaining': 1}
2026-01-04 09:43:34,999 : INFO : EventManager : Event: ======'carousel_item_highlighted'====== Args={'carousel': 'attract', 'direction': 'forwards', 'item': 'map'}
2026-01-04 09:43:35,000 : INFO : Timer.attract_carousel_timer : Starting Timer.
2026-01-04 09:43:35,000 : INFO : EventManager : Event: ======'timer_attract_carousel_timer_started'====== Args={'ticks': 0, 'ticks_remaining': 1}
2026-01-04 09:43:35,000 : INFO : EventManager : Event: ======'timer_attract_carousel_timer_tick'====== Args={'ticks': 0, 'ticks_remaining': 1}
2026-01-04 09:43:42,500 : INFO : Timer.attract_carousel_timer : Timer Complete
2026-01-04 09:43:42,501 : INFO : Timer.attract_carousel_timer : Stopping Timer
2026-01-04 09:43:42,501 : INFO : EventManager : Event: ======'timer_attract_carousel_timer_stopped'====== Args={'ticks': 1, 'ticks_remaining': 1}
2026-01-04 09:43:42,501 : INFO : EventManager : Event: ======'timer_attract_carousel_timer_complete'====== Args={'ticks': 1, 'ticks_remaining': 1}
2026-01-04 09:43:42,501 : INFO : EventManager : Event: ======'carousel_item_highlighted'====== Args={'carousel': 'attract', 'direction': 'forwards', 'item': 'credits'}
2026-01-04 09:43:42,501 : INFO : Timer.attract_carousel_timer : Starting Timer.
2026-01-04 09:43:42,501 : INFO : EventManager : Event: ======'timer_attract_carousel_timer_started'====== Args={'ticks': 0, 'ticks_remaining': 1}
2026-01-04 09:43:42,501 : INFO : EventManager : Event: ======'timer_attract_carousel_timer_tick'====== Args={'ticks': 0, 'ticks_remaining': 1}
2026-01-04 09:43:50,002 : INFO : Timer.attract_carousel_timer : Timer Complete
2026-01-04 09:43:50,002 : INFO : Timer.attract_carousel_timer : Stopping Timer
2026-01-04 09:43:50,002 : INFO : EventManager : Event: ======'timer_attract_carousel_timer_stopped'====== Args={'ticks': 1, 'ticks_remaining': 1}
2026-01-04 09:43:50,002 : INFO : EventManager : Event: ======'timer_attract_carousel_timer_complete'====== Args={'ticks': 1, 'ticks_remaining': 1}
2026-01-04 09:43:50,003 : INFO : EventManager : Event: ======'carousel_item_highlighted'====== Args={'carousel': 'attract', 'direction': 'forwards', 'item': 'mpf_and_cobrapin_logo'}
2026-01-04 09:43:50,003 : INFO : Timer.attract_carousel_timer : Starting Timer.
2026-01-04 09:43:50,003 : INFO : EventManager : Event: ======'timer_attract_carousel_timer_started'====== Args={'ticks': 0, 'ticks_remaining': 1}
2026-01-04 09:43:50,003 : INFO : EventManager : Event: ======'timer_attract_carousel_timer_tick'====== Args={'ticks': 0, 'ticks_remaining': 1}
2026-01-04 09:43:57,504 : INFO : Timer.attract_carousel_timer : Timer Complete
2026-01-04 09:43:57,504 : INFO : Timer.attract_carousel_timer : Stopping Timer
2026-01-04 09:43:57,505 : INFO : EventManager : Event: ======'timer_attract_carousel_timer_stopped'====== Args={'ticks': 1, 'ticks_remaining': 1}
2026-01-04 09:43:57,505 : INFO : EventManager : Event: ======'timer_attract_carousel_timer_complete'====== Args={'ticks': 1, 'ticks_remaining': 1}
2026-01-04 09:43:57,505 : INFO : EventManager : Event: ======'carousel_item_highlighted'====== Args={'carousel': 'attract', 'direction': 'forwards', 'item': 'team_cherry'}
2026-01-04 09:43:57,505 : INFO : Timer.attract_carousel_timer : Starting Timer.
2026-01-04 09:43:57,505 : INFO : EventManager : Event: ======'timer_attract_carousel_timer_started'====== Args={'ticks': 0, 'ticks_remaining': 1}
2026-01-04 09:43:57,505 : INFO : EventManager : Event: ======'timer_attract_carousel_timer_tick'====== Args={'ticks': 0, 'ticks_remaining': 1}
2026-01-04 09:44:05,008 : INFO : Timer.attract_carousel_timer : Timer Complete
2026-01-04 09:44:05,008 : INFO : Timer.attract_carousel_timer : Stopping Timer
2026-01-04 09:44:05,008 : INFO : EventManager : Event: ======'timer_attract_carousel_timer_stopped'====== Args={'ticks': 1, 'ticks_remaining': 1}
2026-01-04 09:44:05,008 : INFO : EventManager : Event: ======'timer_attract_carousel_timer_complete'====== Args={'ticks': 1, 'ticks_remaining': 1}
2026-01-04 09:44:05,009 : INFO : EventManager : Event: ======'carousel_item_highlighted'====== Args={'carousel': 'attract', 'direction': 'forwards', 'item': 'last_scores_1p'}
2026-01-04 09:44:05,009 : INFO : Timer.attract_carousel_timer : Starting Timer.
2026-01-04 09:44:05,009 : INFO : EventManager : Event: ======'timer_attract_carousel_timer_started'====== Args={'ticks': 0, 'ticks_remaining': 1}
2026-01-04 09:44:05,009 : INFO : EventManager : Event: ======'timer_attract_carousel_timer_tick'====== Args={'ticks': 0, 'ticks_remaining': 1}
2026-01-04 09:44:12,511 : INFO : Timer.attract_carousel_timer : Timer Complete
2026-01-04 09:44:12,511 : INFO : Timer.attract_carousel_timer : Stopping Timer
2026-01-04 09:44:12,511 : INFO : EventManager : Event: ======'timer_attract_carousel_timer_stopped'====== Args={'ticks': 1, 'ticks_remaining': 1}
2026-01-04 09:44:12,511 : INFO : EventManager : Event: ======'timer_attract_carousel_timer_complete'====== Args={'ticks': 1, 'ticks_remaining': 1}
2026-01-04 09:44:12,512 : INFO : EventManager : Event: ======'carousel_item_highlighted'====== Args={'carousel': 'attract', 'direction': 'forwards', 'item': 'tutorial_slash'}
2026-01-04 09:44:12,512 : INFO : Timer.attract_carousel_timer : Starting Timer.
2026-01-04 09:44:12,512 : INFO : EventManager : Event: ======'timer_attract_carousel_timer_started'====== Args={'ticks': 0, 'ticks_remaining': 1}
2026-01-04 09:44:12,512 : INFO : EventManager : Event: ======'timer_attract_carousel_timer_tick'====== Args={'ticks': 0, 'ticks_remaining': 1}
2026-01-04 09:44:20,014 : INFO : Timer.attract_carousel_timer : Timer Complete
2026-01-04 09:44:20,014 : INFO : Timer.attract_carousel_timer : Stopping Timer
2026-01-04 09:44:20,015 : INFO : EventManager : Event: ======'timer_attract_carousel_timer_stopped'====== Args={'ticks': 1, 'ticks_remaining': 1}
2026-01-04 09:44:20,015 : INFO : EventManager : Event: ======'timer_attract_carousel_timer_complete'====== Args={'ticks': 1, 'ticks_remaining': 1}
2026-01-04 09:44:20,015 : INFO : EventManager : Event: ======'carousel_item_highlighted'====== Args={'carousel': 'attract', 'direction': 'forwards', 'item': 'tutorial_damage'}
2026-01-04 09:44:20,015 : INFO : Timer.attract_carousel_timer : Starting Timer.
2026-01-04 09:44:20,015 : INFO : EventManager : Event: ======'timer_attract_carousel_timer_started'====== Args={'ticks': 0, 'ticks_remaining': 1}
2026-01-04 09:44:20,015 : INFO : EventManager : Event: ======'timer_attract_carousel_timer_tick'====== Args={'ticks': 0, 'ticks_remaining': 1}
2026-01-04 09:44:27,518 : INFO : Timer.attract_carousel_timer : Timer Complete
2026-01-04 09:44:27,518 : INFO : Timer.attract_carousel_timer : Stopping Timer
2026-01-04 09:44:27,518 : INFO : EventManager : Event: ======'timer_attract_carousel_timer_stopped'====== Args={'ticks': 1, 'ticks_remaining': 1}
2026-01-04 09:44:27,518 : INFO : EventManager : Event: ======'timer_attract_carousel_timer_complete'====== Args={'ticks': 1, 'ticks_remaining': 1}
2026-01-04 09:44:27,519 : INFO : EventManager : Event: ======'carousel_item_highlighted'====== Args={'carousel': 'attract', 'direction': 'forwards', 'item': 'tutorial_dodge'}
2026-01-04 09:44:27,519 : INFO : Timer.attract_carousel_timer : Starting Timer.
2026-01-04 09:44:27,519 : INFO : EventManager : Event: ======'timer_attract_carousel_timer_started'====== Args={'ticks': 0, 'ticks_remaining': 1}
2026-01-04 09:44:27,519 : INFO : EventManager : Event: ======'timer_attract_carousel_timer_tick'====== Args={'ticks': 0, 'ticks_remaining': 1}
2026-01-04 09:44:35,019 : INFO : Timer.attract_carousel_timer : Timer Complete
2026-01-04 09:44:35,020 : INFO : Timer.attract_carousel_timer : Stopping Timer
2026-01-04 09:44:35,020 : INFO : EventManager : Event: ======'timer_attract_carousel_timer_stopped'====== Args={'ticks': 1, 'ticks_remaining': 1}
2026-01-04 09:44:35,020 : INFO : EventManager : Event: ======'timer_attract_carousel_timer_complete'====== Args={'ticks': 1, 'ticks_remaining': 1}
2026-01-04 09:44:35,020 : INFO : EventManager : Event: ======'carousel_item_highlighted'====== Args={'carousel': 'attract', 'direction': 'forwards', 'item': 'tutorial_heal'}
2026-01-04 09:44:35,020 : INFO : Timer.attract_carousel_timer : Starting Timer.
2026-01-04 09:44:35,020 : INFO : EventManager : Event: ======'timer_attract_carousel_timer_started'====== Args={'ticks': 0, 'ticks_remaining': 1}
2026-01-04 09:44:35,020 : INFO : EventManager : Event: ======'timer_attract_carousel_timer_tick'====== Args={'ticks': 0, 'ticks_remaining': 1}
2026-01-04 09:44:42,521 : INFO : Timer.attract_carousel_timer : Timer Complete
2026-01-04 09:44:42,522 : INFO : Timer.attract_carousel_timer : Stopping Timer
2026-01-04 09:44:42,522 : INFO : EventManager : Event: ======'timer_attract_carousel_timer_stopped'====== Args={'ticks': 1, 'ticks_remaining': 1}
2026-01-04 09:44:42,522 : INFO : EventManager : Event: ======'timer_attract_carousel_timer_complete'====== Args={'ticks': 1, 'ticks_remaining': 1}
2026-01-04 09:44:42,522 : INFO : EventManager : Event: ======'carousel_item_highlighted'====== Args={'carousel': 'attract', 'direction': 'forwards', 'item': 'title'}
2026-01-04 09:44:42,522 : INFO : Timer.attract_carousel_timer : Starting Timer.
2026-01-04 09:44:42,523 : INFO : EventManager : Event: ======'timer_attract_carousel_timer_started'====== Args={'ticks': 0, 'ticks_remaining': 1}
2026-01-04 09:44:42,523 : INFO : EventManager : Event: ======'timer_attract_carousel_timer_tick'====== Args={'ticks': 0, 'ticks_remaining': 1}
2026-01-04 09:44:50,023 : INFO : Timer.attract_carousel_timer : Timer Complete
2026-01-04 09:44:50,024 : INFO : Timer.attract_carousel_timer : Stopping Timer
2026-01-04 09:44:50,024 : INFO : EventManager : Event: ======'timer_attract_carousel_timer_stopped'====== Args={'ticks': 1, 'ticks_remaining': 1}
2026-01-04 09:44:50,024 : INFO : EventManager : Event: ======'timer_attract_carousel_timer_complete'====== Args={'ticks': 1, 'ticks_remaining': 1}
2026-01-04 09:44:50,024 : INFO : EventManager : Event: ======'carousel_item_highlighted'====== Args={'carousel': 'attract', 'direction': 'forwards', 'item': 'map'}
2026-01-04 09:44:50,024 : INFO : Timer.attract_carousel_timer : Starting Timer.
2026-01-04 09:44:50,024 : INFO : EventManager : Event: ======'timer_attract_carousel_timer_started'====== Args={'ticks': 0, 'ticks_remaining': 1}
2026-01-04 09:44:50,025 : INFO : EventManager : Event: ======'timer_attract_carousel_timer_tick'====== Args={'ticks': 0, 'ticks_remaining': 1}
2026-01-04 09:44:57,525 : INFO : Timer.attract_carousel_timer : Timer Complete
2026-01-04 09:44:57,525 : INFO : Timer.attract_carousel_timer : Stopping Timer
2026-01-04 09:44:57,525 : INFO : EventManager : Event: ======'timer_attract_carousel_timer_stopped'====== Args={'ticks': 1, 'ticks_remaining': 1}
2026-01-04 09:44:57,526 : INFO : EventManager : Event: ======'timer_attract_carousel_timer_complete'====== Args={'ticks': 1, 'ticks_remaining': 1}
2026-01-04 09:44:57,526 : INFO : EventManager : Event: ======'carousel_item_highlighted'====== Args={'carousel': 'attract', 'direction': 'forwards', 'item': 'credits'}
2026-01-04 09:44:57,526 : INFO : Timer.attract_carousel_timer : Starting Timer.
2026-01-04 09:44:57,526 : INFO : EventManager : Event: ======'timer_attract_carousel_timer_started'====== Args={'ticks': 0, 'ticks_remaining': 1}
2026-01-04 09:44:57,527 : INFO : EventManager : Event: ======'timer_attract_carousel_timer_tick'====== Args={'ticks': 0, 'ticks_remaining': 1}
2026-01-04 09:45:05,028 : INFO : Timer.attract_carousel_timer : Timer Complete
2026-01-04 09:45:05,028 : INFO : Timer.attract_carousel_timer : Stopping Timer
2026-01-04 09:45:05,029 : INFO : EventManager : Event: ======'timer_attract_carousel_timer_stopped'====== Args={'ticks': 1, 'ticks_remaining': 1}
2026-01-04 09:45:05,029 : INFO : EventManager : Event: ======'timer_attract_carousel_timer_complete'====== Args={'ticks': 1, 'ticks_remaining': 1}
2026-01-04 09:45:05,029 : INFO : EventManager : Event: ======'carousel_item_highlighted'====== Args={'carousel': 'attract', 'direction': 'forwards', 'item': 'mpf_and_cobrapin_logo'}
2026-01-04 09:45:05,029 : INFO : Timer.attract_carousel_timer : Starting Timer.
2026-01-04 09:45:05,029 : INFO : EventManager : Event: ======'timer_attract_carousel_timer_started'====== Args={'ticks': 0, 'ticks_remaining': 1}
2026-01-04 09:45:05,029 : INFO : EventManager : Event: ======'timer_attract_carousel_timer_tick'====== Args={'ticks': 0, 'ticks_remaining': 1}
2026-01-04 09:45:12,531 : INFO : Timer.attract_carousel_timer : Timer Complete
2026-01-04 09:45:12,531 : INFO : Timer.attract_carousel_timer : Stopping Timer
2026-01-04 09:45:12,531 : INFO : EventManager : Event: ======'timer_attract_carousel_timer_stopped'====== Args={'ticks': 1, 'ticks_remaining': 1}
2026-01-04 09:45:12,531 : INFO : EventManager : Event: ======'timer_attract_carousel_timer_complete'====== Args={'ticks': 1, 'ticks_remaining': 1}
2026-01-04 09:45:12,531 : INFO : EventManager : Event: ======'carousel_item_highlighted'====== Args={'carousel': 'attract', 'direction': 'forwards', 'item': 'team_cherry'}
2026-01-04 09:45:12,532 : INFO : Timer.attract_carousel_timer : Starting Timer.
2026-01-04 09:45:12,532 : INFO : EventManager : Event: ======'timer_attract_carousel_timer_started'====== Args={'ticks': 0, 'ticks_remaining': 1}
2026-01-04 09:45:12,532 : INFO : EventManager : Event: ======'timer_attract_carousel_timer_tick'====== Args={'ticks': 0, 'ticks_remaining': 1}
2026-01-04 09:45:20,033 : INFO : Timer.attract_carousel_timer : Timer Complete
2026-01-04 09:45:20,033 : INFO : Timer.attract_carousel_timer : Stopping Timer
2026-01-04 09:45:20,033 : INFO : EventManager : Event: ======'timer_attract_carousel_timer_stopped'====== Args={'ticks': 1, 'ticks_remaining': 1}
2026-01-04 09:45:20,033 : INFO : EventManager : Event: ======'timer_attract_carousel_timer_complete'====== Args={'ticks': 1, 'ticks_remaining': 1}
2026-01-04 09:45:20,034 : INFO : EventManager : Event: ======'carousel_item_highlighted'====== Args={'carousel': 'attract', 'direction': 'forwards', 'item': 'last_scores_1p'}
2026-01-04 09:45:20,034 : INFO : Timer.attract_carousel_timer : Starting Timer.
2026-01-04 09:45:20,034 : INFO : EventManager : Event: ======'timer_attract_carousel_timer_started'====== Args={'ticks': 0, 'ticks_remaining': 1}
2026-01-04 09:45:20,034 : INFO : EventManager : Event: ======'timer_attract_carousel_timer_tick'====== Args={'ticks': 0, 'ticks_remaining': 1}
2026-01-04 09:45:27,535 : INFO : Timer.attract_carousel_timer : Timer Complete
2026-01-04 09:45:27,535 : INFO : Timer.attract_carousel_timer : Stopping Timer
2026-01-04 09:45:27,535 : INFO : EventManager : Event: ======'timer_attract_carousel_timer_stopped'====== Args={'ticks': 1, 'ticks_remaining': 1}
2026-01-04 09:45:27,536 : INFO : EventManager : Event: ======'timer_attract_carousel_timer_complete'====== Args={'ticks': 1, 'ticks_remaining': 1}
2026-01-04 09:45:27,536 : INFO : EventManager : Event: ======'carousel_item_highlighted'====== Args={'carousel': 'attract', 'direction': 'forwards', 'item': 'tutorial_slash'}
2026-01-04 09:45:27,536 : INFO : Timer.attract_carousel_timer : Starting Timer.
2026-01-04 09:45:27,536 : INFO : EventManager : Event: ======'timer_attract_carousel_timer_started'====== Args={'ticks': 0, 'ticks_remaining': 1}
2026-01-04 09:45:27,536 : INFO : EventManager : Event: ======'timer_attract_carousel_timer_tick'====== Args={'ticks': 0, 'ticks_remaining': 1}
2026-01-04 09:45:35,038 : INFO : Timer.attract_carousel_timer : Timer Complete
2026-01-04 09:45:35,039 : INFO : Timer.attract_carousel_timer : Stopping Timer
2026-01-04 09:45:35,039 : INFO : EventManager : Event: ======'timer_attract_carousel_timer_stopped'====== Args={'ticks': 1, 'ticks_remaining': 1}
2026-01-04 09:45:35,039 : INFO : EventManager : Event: ======'timer_attract_carousel_timer_complete'====== Args={'ticks': 1, 'ticks_remaining': 1}
2026-01-04 09:45:35,039 : INFO : EventManager : Event: ======'carousel_item_highlighted'====== Args={'carousel': 'attract', 'direction': 'forwards', 'item': 'tutorial_damage'}
2026-01-04 09:45:35,039 : INFO : Timer.attract_carousel_timer : Starting Timer.
2026-01-04 09:45:35,040 : INFO : EventManager : Event: ======'timer_attract_carousel_timer_started'====== Args={'ticks': 0, 'ticks_remaining': 1}
2026-01-04 09:45:35,040 : INFO : EventManager : Event: ======'timer_attract_carousel_timer_tick'====== Args={'ticks': 0, 'ticks_remaining': 1}
2026-01-04 09:45:42,541 : INFO : Timer.attract_carousel_timer : Timer Complete
2026-01-04 09:45:42,542 : INFO : Timer.attract_carousel_timer : Stopping Timer
2026-01-04 09:45:42,542 : INFO : EventManager : Event: ======'timer_attract_carousel_timer_stopped'====== Args={'ticks': 1, 'ticks_remaining': 1}
2026-01-04 09:45:42,542 : INFO : EventManager : Event: ======'timer_attract_carousel_timer_complete'====== Args={'ticks': 1, 'ticks_remaining': 1}
2026-01-04 09:45:42,542 : INFO : EventManager : Event: ======'carousel_item_highlighted'====== Args={'carousel': 'attract', 'direction': 'forwards', 'item': 'tutorial_dodge'}
2026-01-04 09:45:42,542 : INFO : Timer.attract_carousel_timer : Starting Timer.
2026-01-04 09:45:42,543 : INFO : EventManager : Event: ======'timer_attract_carousel_timer_started'====== Args={'ticks': 0, 'ticks_remaining': 1}
2026-01-04 09:45:42,543 : INFO : EventManager : Event: ======'timer_attract_carousel_timer_tick'====== Args={'ticks': 0, 'ticks_remaining': 1}
2026-01-04 09:45:50,045 : INFO : Timer.attract_carousel_timer : Timer Complete
2026-01-04 09:45:50,045 : INFO : Timer.attract_carousel_timer : Stopping Timer
2026-01-04 09:45:50,045 : INFO : EventManager : Event: ======'timer_attract_carousel_timer_stopped'====== Args={'ticks': 1, 'ticks_remaining': 1}
2026-01-04 09:45:50,045 : INFO : EventManager : Event: ======'timer_attract_carousel_timer_complete'====== Args={'ticks': 1, 'ticks_remaining': 1}
2026-01-04 09:45:50,046 : INFO : EventManager : Event: ======'carousel_item_highlighted'====== Args={'carousel': 'attract', 'direction': 'forwards', 'item': 'tutorial_heal'}
2026-01-04 09:45:50,046 : INFO : Timer.attract_carousel_timer : Starting Timer.
2026-01-04 09:45:50,046 : INFO : EventManager : Event: ======'timer_attract_carousel_timer_started'====== Args={'ticks': 0, 'ticks_remaining': 1}
2026-01-04 09:45:50,046 : INFO : EventManager : Event: ======'timer_attract_carousel_timer_tick'====== Args={'ticks': 0, 'ticks_remaining': 1}
2026-01-04 09:45:57,547 : INFO : Timer.attract_carousel_timer : Timer Complete
2026-01-04 09:45:57,547 : INFO : Timer.attract_carousel_timer : Stopping Timer
2026-01-04 09:45:57,547 : INFO : EventManager : Event: ======'timer_attract_carousel_timer_stopped'====== Args={'ticks': 1, 'ticks_remaining': 1}
2026-01-04 09:45:57,547 : INFO : EventManager : Event: ======'timer_attract_carousel_timer_complete'====== Args={'ticks': 1, 'ticks_remaining': 1}
2026-01-04 09:45:57,548 : INFO : EventManager : Event: ======'carousel_item_highlighted'====== Args={'carousel': 'attract', 'direction': 'forwards', 'item': 'title'}
2026-01-04 09:45:57,548 : INFO : Timer.attract_carousel_timer : Starting Timer.
2026-01-04 09:45:57,548 : INFO : EventManager : Event: ======'timer_attract_carousel_timer_started'====== Args={'ticks': 0, 'ticks_remaining': 1}
2026-01-04 09:45:57,548 : INFO : EventManager : Event: ======'timer_attract_carousel_timer_tick'====== Args={'ticks': 0, 'ticks_remaining': 1}
2026-01-04 09:46:05,049 : INFO : Timer.attract_carousel_timer : Timer Complete
2026-01-04 09:46:05,049 : INFO : Timer.attract_carousel_timer : Stopping Timer
2026-01-04 09:46:05,049 : INFO : EventManager : Event: ======'timer_attract_carousel_timer_stopped'====== Args={'ticks': 1, 'ticks_remaining': 1}
2026-01-04 09:46:05,049 : INFO : EventManager : Event: ======'timer_attract_carousel_timer_complete'====== Args={'ticks': 1, 'ticks_remaining': 1}
2026-01-04 09:46:05,049 : INFO : EventManager : Event: ======'carousel_item_highlighted'====== Args={'carousel': 'attract', 'direction': 'forwards', 'item': 'map'}
2026-01-04 09:46:05,050 : INFO : Timer.attract_carousel_timer : Starting Timer.
2026-01-04 09:46:05,050 : INFO : EventManager : Event: ======'timer_attract_carousel_timer_started'====== Args={'ticks': 0, 'ticks_remaining': 1}
2026-01-04 09:46:05,050 : INFO : EventManager : Event: ======'timer_attract_carousel_timer_tick'====== Args={'ticks': 0, 'ticks_remaining': 1}
2026-01-04 09:46:12,551 : INFO : Timer.attract_carousel_timer : Timer Complete
2026-01-04 09:46:12,551 : INFO : Timer.attract_carousel_timer : Stopping Timer
2026-01-04 09:46:12,552 : INFO : EventManager : Event: ======'timer_attract_carousel_timer_stopped'====== Args={'ticks': 1, 'ticks_remaining': 1}
2026-01-04 09:46:12,552 : INFO : EventManager : Event: ======'timer_attract_carousel_timer_complete'====== Args={'ticks': 1, 'ticks_remaining': 1}
2026-01-04 09:46:12,552 : INFO : EventManager : Event: ======'carousel_item_highlighted'====== Args={'carousel': 'attract', 'direction': 'forwards', 'item': 'credits'}
2026-01-04 09:46:12,552 : INFO : Timer.attract_carousel_timer : Starting Timer.
2026-01-04 09:46:12,552 : INFO : EventManager : Event: ======'timer_attract_carousel_timer_started'====== Args={'ticks': 0, 'ticks_remaining': 1}
2026-01-04 09:46:12,552 : INFO : EventManager : Event: ======'timer_attract_carousel_timer_tick'====== Args={'ticks': 0, 'ticks_remaining': 1}
2026-01-04 09:46:20,053 : INFO : Timer.attract_carousel_timer : Timer Complete
2026-01-04 09:46:20,053 : INFO : Timer.attract_carousel_timer : Stopping Timer
2026-01-04 09:46:20,053 : INFO : EventManager : Event: ======'timer_attract_carousel_timer_stopped'====== Args={'ticks': 1, 'ticks_remaining': 1}
2026-01-04 09:46:20,053 : INFO : EventManager : Event: ======'timer_attract_carousel_timer_complete'====== Args={'ticks': 1, 'ticks_remaining': 1}
2026-01-04 09:46:20,053 : INFO : EventManager : Event: ======'carousel_item_highlighted'====== Args={'carousel': 'attract', 'direction': 'forwards', 'item': 'mpf_and_cobrapin_logo'}
2026-01-04 09:46:20,054 : INFO : Timer.attract_carousel_timer : Starting Timer.
2026-01-04 09:46:20,054 : INFO : EventManager : Event: ======'timer_attract_carousel_timer_started'====== Args={'ticks': 0, 'ticks_remaining': 1}
2026-01-04 09:46:20,054 : INFO : EventManager : Event: ======'timer_attract_carousel_timer_tick'====== Args={'ticks': 0, 'ticks_remaining': 1}
2026-01-04 09:46:27,555 : INFO : Timer.attract_carousel_timer : Timer Complete
2026-01-04 09:46:27,555 : INFO : Timer.attract_carousel_timer : Stopping Timer
2026-01-04 09:46:27,555 : INFO : EventManager : Event: ======'timer_attract_carousel_timer_stopped'====== Args={'ticks': 1, 'ticks_remaining': 1}
2026-01-04 09:46:27,556 : INFO : EventManager : Event: ======'timer_attract_carousel_timer_complete'====== Args={'ticks': 1, 'ticks_remaining': 1}
2026-01-04 09:46:27,556 : INFO : EventManager : Event: ======'carousel_item_highlighted'====== Args={'carousel': 'attract', 'direction': 'forwards', 'item': 'team_cherry'}
2026-01-04 09:46:27,556 : INFO : Timer.attract_carousel_timer : Starting Timer.
2026-01-04 09:46:27,556 : INFO : EventManager : Event: ======'timer_attract_carousel_timer_started'====== Args={'ticks': 0, 'ticks_remaining': 1}
2026-01-04 09:46:27,556 : INFO : EventManager : Event: ======'timer_attract_carousel_timer_tick'====== Args={'ticks': 0, 'ticks_remaining': 1}
2026-01-04 09:46:35,058 : INFO : Timer.attract_carousel_timer : Timer Complete
2026-01-04 09:46:35,058 : INFO : Timer.attract_carousel_timer : Stopping Timer
2026-01-04 09:46:35,058 : INFO : EventManager : Event: ======'timer_attract_carousel_timer_stopped'====== Args={'ticks': 1, 'ticks_remaining': 1}
2026-01-04 09:46:35,058 : INFO : EventManager : Event: ======'timer_attract_carousel_timer_complete'====== Args={'ticks': 1, 'ticks_remaining': 1}
2026-01-04 09:46:35,058 : INFO : EventManager : Event: ======'carousel_item_highlighted'====== Args={'carousel': 'attract', 'direction': 'forwards', 'item': 'last_scores_1p'}
2026-01-04 09:46:35,059 : INFO : Timer.attract_carousel_timer : Starting Timer.
2026-01-04 09:46:35,059 : INFO : EventManager : Event: ======'timer_attract_carousel_timer_started'====== Args={'ticks': 0, 'ticks_remaining': 1}
2026-01-04 09:46:35,059 : INFO : EventManager : Event: ======'timer_attract_carousel_timer_tick'====== Args={'ticks': 0, 'ticks_remaining': 1}
2026-01-04 09:46:42,560 : INFO : Timer.attract_carousel_timer : Timer Complete
2026-01-04 09:46:42,560 : INFO : Timer.attract_carousel_timer : Stopping Timer
2026-01-04 09:46:42,560 : INFO : EventManager : Event: ======'timer_attract_carousel_timer_stopped'====== Args={'ticks': 1, 'ticks_remaining': 1}
2026-01-04 09:46:42,560 : INFO : EventManager : Event: ======'timer_attract_carousel_timer_complete'====== Args={'ticks': 1, 'ticks_remaining': 1}
2026-01-04 09:46:42,560 : INFO : EventManager : Event: ======'carousel_item_highlighted'====== Args={'carousel': 'attract', 'direction': 'forwards', 'item': 'tutorial_slash'}
2026-01-04 09:46:42,561 : INFO : Timer.attract_carousel_timer : Starting Timer.
2026-01-04 09:46:42,561 : INFO : EventManager : Event: ======'timer_attract_carousel_timer_started'====== Args={'ticks': 0, 'ticks_remaining': 1}
2026-01-04 09:46:42,561 : INFO : EventManager : Event: ======'timer_attract_carousel_timer_tick'====== Args={'ticks': 0, 'ticks_remaining': 1}
2026-01-04 09:46:50,061 : INFO : Timer.attract_carousel_timer : Timer Complete
2026-01-04 09:46:50,061 : INFO : Timer.attract_carousel_timer : Stopping Timer
2026-01-04 09:46:50,061 : INFO : EventManager : Event: ======'timer_attract_carousel_timer_stopped'====== Args={'ticks': 1, 'ticks_remaining': 1}
2026-01-04 09:46:50,062 : INFO : EventManager : Event: ======'timer_attract_carousel_timer_complete'====== Args={'ticks': 1, 'ticks_remaining': 1}
2026-01-04 09:46:50,062 : INFO : EventManager : Event: ======'carousel_item_highlighted'====== Args={'carousel': 'attract', 'direction': 'forwards', 'item': 'tutorial_damage'}
2026-01-04 09:46:50,062 : INFO : Timer.attract_carousel_timer : Starting Timer.
2026-01-04 09:46:50,062 : INFO : EventManager : Event: ======'timer_attract_carousel_timer_started'====== Args={'ticks': 0, 'ticks_remaining': 1}
2026-01-04 09:46:50,062 : INFO : EventManager : Event: ======'timer_attract_carousel_timer_tick'====== Args={'ticks': 0, 'ticks_remaining': 1}
2026-01-04 09:46:57,563 : INFO : Timer.attract_carousel_timer : Timer Complete
2026-01-04 09:46:57,563 : INFO : Timer.attract_carousel_timer : Stopping Timer
2026-01-04 09:46:57,563 : INFO : EventManager : Event: ======'timer_attract_carousel_timer_stopped'====== Args={'ticks': 1, 'ticks_remaining': 1}
2026-01-04 09:46:57,563 : INFO : EventManager : Event: ======'timer_attract_carousel_timer_complete'====== Args={'ticks': 1, 'ticks_remaining': 1}
2026-01-04 09:46:57,563 : INFO : EventManager : Event: ======'carousel_item_highlighted'====== Args={'carousel': 'attract', 'direction': 'forwards', 'item': 'tutorial_dodge'}
2026-01-04 09:46:57,564 : INFO : Timer.attract_carousel_timer : Starting Timer.
2026-01-04 09:46:57,564 : INFO : EventManager : Event: ======'timer_attract_carousel_timer_started'====== Args={'ticks': 0, 'ticks_remaining': 1}
2026-01-04 09:46:57,564 : INFO : EventManager : Event: ======'timer_attract_carousel_timer_tick'====== Args={'ticks': 0, 'ticks_remaining': 1}
2026-01-04 09:47:05,065 : INFO : Timer.attract_carousel_timer : Timer Complete
2026-01-04 09:47:05,065 : INFO : Timer.attract_carousel_timer : Stopping Timer
2026-01-04 09:47:05,065 : INFO : EventManager : Event: ======'timer_attract_carousel_timer_stopped'====== Args={'ticks': 1, 'ticks_remaining': 1}
2026-01-04 09:47:05,065 : INFO : EventManager : Event: ======'timer_attract_carousel_timer_complete'====== Args={'ticks': 1, 'ticks_remaining': 1}
2026-01-04 09:47:05,065 : INFO : EventManager : Event: ======'carousel_item_highlighted'====== Args={'carousel': 'attract', 'direction': 'forwards', 'item': 'tutorial_heal'}
2026-01-04 09:47:05,065 : INFO : Timer.attract_carousel_timer : Starting Timer.
2026-01-04 09:47:05,066 : INFO : EventManager : Event: ======'timer_attract_carousel_timer_started'====== Args={'ticks': 0, 'ticks_remaining': 1}
2026-01-04 09:47:05,066 : INFO : EventManager : Event: ======'timer_attract_carousel_timer_tick'====== Args={'ticks': 0, 'ticks_remaining': 1}
2026-01-04 09:47:12,568 : INFO : Timer.attract_carousel_timer : Timer Complete
2026-01-04 09:47:12,568 : INFO : Timer.attract_carousel_timer : Stopping Timer
2026-01-04 09:47:12,568 : INFO : EventManager : Event: ======'timer_attract_carousel_timer_stopped'====== Args={'ticks': 1, 'ticks_remaining': 1}
2026-01-04 09:47:12,568 : INFO : EventManager : Event: ======'timer_attract_carousel_timer_complete'====== Args={'ticks': 1, 'ticks_remaining': 1}
2026-01-04 09:47:12,569 : INFO : EventManager : Event: ======'carousel_item_highlighted'====== Args={'carousel': 'attract', 'direction': 'forwards', 'item': 'title'}
2026-01-04 09:47:12,569 : INFO : Timer.attract_carousel_timer : Starting Timer.
2026-01-04 09:47:12,569 : INFO : EventManager : Event: ======'timer_attract_carousel_timer_started'====== Args={'ticks': 0, 'ticks_remaining': 1}
2026-01-04 09:47:12,569 : INFO : EventManager : Event: ======'timer_attract_carousel_timer_tick'====== Args={'ticks': 0, 'ticks_remaining': 1}
2026-01-04 09:47:20,071 : INFO : Timer.attract_carousel_timer : Timer Complete
2026-01-04 09:47:20,071 : INFO : Timer.attract_carousel_timer : Stopping Timer
2026-01-04 09:47:20,071 : INFO : EventManager : Event: ======'timer_attract_carousel_timer_stopped'====== Args={'ticks': 1, 'ticks_remaining': 1}
2026-01-04 09:47:20,071 : INFO : EventManager : Event: ======'timer_attract_carousel_timer_complete'====== Args={'ticks': 1, 'ticks_remaining': 1}
2026-01-04 09:47:20,072 : INFO : EventManager : Event: ======'carousel_item_highlighted'====== Args={'carousel': 'attract', 'direction': 'forwards', 'item': 'map'}
2026-01-04 09:47:20,072 : INFO : Timer.attract_carousel_timer : Starting Timer.
2026-01-04 09:47:20,072 : INFO : EventManager : Event: ======'timer_attract_carousel_timer_started'====== Args={'ticks': 0, 'ticks_remaining': 1}
2026-01-04 09:47:20,072 : INFO : EventManager : Event: ======'timer_attract_carousel_timer_tick'====== Args={'ticks': 0, 'ticks_remaining': 1}
2026-01-04 09:47:27,574 : INFO : Timer.attract_carousel_timer : Timer Complete
2026-01-04 09:47:27,574 : INFO : Timer.attract_carousel_timer : Stopping Timer
2026-01-04 09:47:27,574 : INFO : EventManager : Event: ======'timer_attract_carousel_timer_stopped'====== Args={'ticks': 1, 'ticks_remaining': 1}
2026-01-04 09:47:27,574 : INFO : EventManager : Event: ======'timer_attract_carousel_timer_complete'====== Args={'ticks': 1, 'ticks_remaining': 1}
2026-01-04 09:47:27,575 : INFO : EventManager : Event: ======'carousel_item_highlighted'====== Args={'carousel': 'attract', 'direction': 'forwards', 'item': 'credits'}
2026-01-04 09:47:27,575 : INFO : Timer.attract_carousel_timer : Starting Timer.
2026-01-04 09:47:27,575 : INFO : EventManager : Event: ======'timer_attract_carousel_timer_started'====== Args={'ticks': 0, 'ticks_remaining': 1}
2026-01-04 09:47:27,575 : INFO : EventManager : Event: ======'timer_attract_carousel_timer_tick'====== Args={'ticks': 0, 'ticks_remaining': 1}
2026-01-04 09:47:35,077 : INFO : Timer.attract_carousel_timer : Timer Complete
2026-01-04 09:47:35,077 : INFO : Timer.attract_carousel_timer : Stopping Timer
2026-01-04 09:47:35,077 : INFO : EventManager : Event: ======'timer_attract_carousel_timer_stopped'====== Args={'ticks': 1, 'ticks_remaining': 1}
2026-01-04 09:47:35,077 : INFO : EventManager : Event: ======'timer_attract_carousel_timer_complete'====== Args={'ticks': 1, 'ticks_remaining': 1}
2026-01-04 09:47:35,077 : INFO : EventManager : Event: ======'carousel_item_highlighted'====== Args={'carousel': 'attract', 'direction': 'forwards', 'item': 'mpf_and_cobrapin_logo'}
2026-01-04 09:47:35,078 : INFO : Timer.attract_carousel_timer : Starting Timer.
2026-01-04 09:47:35,078 : INFO : EventManager : Event: ======'timer_attract_carousel_timer_started'====== Args={'ticks': 0, 'ticks_remaining': 1}
2026-01-04 09:47:35,078 : INFO : EventManager : Event: ======'timer_attract_carousel_timer_tick'====== Args={'ticks': 0, 'ticks_remaining': 1}
2026-01-04 09:47:42,579 : INFO : Timer.attract_carousel_timer : Timer Complete
2026-01-04 09:47:42,579 : INFO : Timer.attract_carousel_timer : Stopping Timer
2026-01-04 09:47:42,579 : INFO : EventManager : Event: ======'timer_attract_carousel_timer_stopped'====== Args={'ticks': 1, 'ticks_remaining': 1}
2026-01-04 09:47:42,579 : INFO : EventManager : Event: ======'timer_attract_carousel_timer_complete'====== Args={'ticks': 1, 'ticks_remaining': 1}
2026-01-04 09:47:42,580 : INFO : EventManager : Event: ======'carousel_item_highlighted'====== Args={'carousel': 'attract', 'direction': 'forwards', 'item': 'team_cherry'}
2026-01-04 09:47:42,580 : INFO : Timer.attract_carousel_timer : Starting Timer.
2026-01-04 09:47:42,580 : INFO : EventManager : Event: ======'timer_attract_carousel_timer_started'====== Args={'ticks': 0, 'ticks_remaining': 1}
2026-01-04 09:47:42,580 : INFO : EventManager : Event: ======'timer_attract_carousel_timer_tick'====== Args={'ticks': 0, 'ticks_remaining': 1}
2026-01-04 09:47:50,080 : INFO : Timer.attract_carousel_timer : Timer Complete
2026-01-04 09:47:50,080 : INFO : Timer.attract_carousel_timer : Stopping Timer
2026-01-04 09:47:50,080 : INFO : EventManager : Event: ======'timer_attract_carousel_timer_stopped'====== Args={'ticks': 1, 'ticks_remaining': 1}
2026-01-04 09:47:50,081 : INFO : EventManager : Event: ======'timer_attract_carousel_timer_complete'====== Args={'ticks': 1, 'ticks_remaining': 1}
2026-01-04 09:47:50,081 : INFO : EventManager : Event: ======'carousel_item_highlighted'====== Args={'carousel': 'attract', 'direction': 'forwards', 'item': 'last_scores_1p'}
2026-01-04 09:47:50,081 : INFO : Timer.attract_carousel_timer : Starting Timer.
2026-01-04 09:47:50,081 : INFO : EventManager : Event: ======'timer_attract_carousel_timer_started'====== Args={'ticks': 0, 'ticks_remaining': 1}
2026-01-04 09:47:50,081 : INFO : EventManager : Event: ======'timer_attract_carousel_timer_tick'====== Args={'ticks': 0, 'ticks_remaining': 1}
2026-01-04 09:47:57,583 : INFO : Timer.attract_carousel_timer : Timer Complete
2026-01-04 09:47:57,584 : INFO : Timer.attract_carousel_timer : Stopping Timer
2026-01-04 09:47:57,584 : INFO : EventManager : Event: ======'timer_attract_carousel_timer_stopped'====== Args={'ticks': 1, 'ticks_remaining': 1}
2026-01-04 09:47:57,584 : INFO : EventManager : Event: ======'timer_attract_carousel_timer_complete'====== Args={'ticks': 1, 'ticks_remaining': 1}
2026-01-04 09:47:57,584 : INFO : EventManager : Event: ======'carousel_item_highlighted'====== Args={'carousel': 'attract', 'direction': 'forwards', 'item': 'tutorial_slash'}
2026-01-04 09:47:57,585 : INFO : Timer.attract_carousel_timer : Starting Timer.
2026-01-04 09:47:57,585 : INFO : EventManager : Event: ======'timer_attract_carousel_timer_started'====== Args={'ticks': 0, 'ticks_remaining': 1}
2026-01-04 09:47:57,585 : INFO : EventManager : Event: ======'timer_attract_carousel_timer_tick'====== Args={'ticks': 0, 'ticks_remaining': 1}
2026-01-04 09:48:05,086 : INFO : Timer.attract_carousel_timer : Timer Complete
2026-01-04 09:48:05,086 : INFO : Timer.attract_carousel_timer : Stopping Timer
2026-01-04 09:48:05,086 : INFO : EventManager : Event: ======'timer_attract_carousel_timer_stopped'====== Args={'ticks': 1, 'ticks_remaining': 1}
2026-01-04 09:48:05,086 : INFO : EventManager : Event: ======'timer_attract_carousel_timer_complete'====== Args={'ticks': 1, 'ticks_remaining': 1}
2026-01-04 09:48:05,086 : INFO : EventManager : Event: ======'carousel_item_highlighted'====== Args={'carousel': 'attract', 'direction': 'forwards', 'item': 'tutorial_damage'}
2026-01-04 09:48:05,087 : INFO : Timer.attract_carousel_timer : Starting Timer.
2026-01-04 09:48:05,087 : INFO : EventManager : Event: ======'timer_attract_carousel_timer_started'====== Args={'ticks': 0, 'ticks_remaining': 1}
2026-01-04 09:48:05,087 : INFO : EventManager : Event: ======'timer_attract_carousel_timer_tick'====== Args={'ticks': 0, 'ticks_remaining': 1}
2026-01-04 09:48:12,589 : INFO : Timer.attract_carousel_timer : Timer Complete
2026-01-04 09:48:12,589 : INFO : Timer.attract_carousel_timer : Stopping Timer
2026-01-04 09:48:12,589 : INFO : EventManager : Event: ======'timer_attract_carousel_timer_stopped'====== Args={'ticks': 1, 'ticks_remaining': 1}
2026-01-04 09:48:12,589 : INFO : EventManager : Event: ======'timer_attract_carousel_timer_complete'====== Args={'ticks': 1, 'ticks_remaining': 1}
2026-01-04 09:48:12,590 : INFO : EventManager : Event: ======'carousel_item_highlighted'====== Args={'carousel': 'attract', 'direction': 'forwards', 'item': 'tutorial_dodge'}
2026-01-04 09:48:12,590 : INFO : Timer.attract_carousel_timer : Starting Timer.
2026-01-04 09:48:12,590 : INFO : EventManager : Event: ======'timer_attract_carousel_timer_started'====== Args={'ticks': 0, 'ticks_remaining': 1}
2026-01-04 09:48:12,590 : INFO : EventManager : Event: ======'timer_attract_carousel_timer_tick'====== Args={'ticks': 0, 'ticks_remaining': 1}
2026-01-04 09:48:20,092 : INFO : Timer.attract_carousel_timer : Timer Complete
2026-01-04 09:48:20,092 : INFO : Timer.attract_carousel_timer : Stopping Timer
2026-01-04 09:48:20,092 : INFO : EventManager : Event: ======'timer_attract_carousel_timer_stopped'====== Args={'ticks': 1, 'ticks_remaining': 1}
2026-01-04 09:48:20,092 : INFO : EventManager : Event: ======'timer_attract_carousel_timer_complete'====== Args={'ticks': 1, 'ticks_remaining': 1}
2026-01-04 09:48:20,092 : INFO : EventManager : Event: ======'carousel_item_highlighted'====== Args={'carousel': 'attract', 'direction': 'forwards', 'item': 'tutorial_heal'}
2026-01-04 09:48:20,093 : INFO : Timer.attract_carousel_timer : Starting Timer.
2026-01-04 09:48:20,093 : INFO : EventManager : Event: ======'timer_attract_carousel_timer_started'====== Args={'ticks': 0, 'ticks_remaining': 1}
2026-01-04 09:48:20,093 : INFO : EventManager : Event: ======'timer_attract_carousel_timer_tick'====== Args={'ticks': 0, 'ticks_remaining': 1}
2026-01-04 09:48:27,594 : INFO : Timer.attract_carousel_timer : Timer Complete
2026-01-04 09:48:27,594 : INFO : Timer.attract_carousel_timer : Stopping Timer
2026-01-04 09:48:27,594 : INFO : EventManager : Event: ======'timer_attract_carousel_timer_stopped'====== Args={'ticks': 1, 'ticks_remaining': 1}
2026-01-04 09:48:27,594 : INFO : EventManager : Event: ======'timer_attract_carousel_timer_complete'====== Args={'ticks': 1, 'ticks_remaining': 1}
2026-01-04 09:48:27,594 : INFO : EventManager : Event: ======'carousel_item_highlighted'====== Args={'carousel': 'attract', 'direction': 'forwards', 'item': 'title'}
2026-01-04 09:48:27,594 : INFO : Timer.attract_carousel_timer : Starting Timer.
2026-01-04 09:48:27,595 : INFO : EventManager : Event: ======'timer_attract_carousel_timer_started'====== Args={'ticks': 0, 'ticks_remaining': 1}
2026-01-04 09:48:27,595 : INFO : EventManager : Event: ======'timer_attract_carousel_timer_tick'====== Args={'ticks': 0, 'ticks_remaining': 1}
2026-01-04 09:48:35,096 : INFO : Timer.attract_carousel_timer : Timer Complete
2026-01-04 09:48:35,097 : INFO : Timer.attract_carousel_timer : Stopping Timer
2026-01-04 09:48:35,097 : INFO : EventManager : Event: ======'timer_attract_carousel_timer_stopped'====== Args={'ticks': 1, 'ticks_remaining': 1}
2026-01-04 09:48:35,097 : INFO : EventManager : Event: ======'timer_attract_carousel_timer_complete'====== Args={'ticks': 1, 'ticks_remaining': 1}
2026-01-04 09:48:35,097 : INFO : EventManager : Event: ======'carousel_item_highlighted'====== Args={'carousel': 'attract', 'direction': 'forwards', 'item': 'map'}
2026-01-04 09:48:35,097 : INFO : Timer.attract_carousel_timer : Starting Timer.
2026-01-04 09:48:35,097 : INFO : EventManager : Event: ======'timer_attract_carousel_timer_started'====== Args={'ticks': 0, 'ticks_remaining': 1}
2026-01-04 09:48:35,097 : INFO : EventManager : Event: ======'timer_attract_carousel_timer_tick'====== Args={'ticks': 0, 'ticks_remaining': 1}
2026-01-04 09:48:42,598 : INFO : Timer.attract_carousel_timer : Timer Complete
2026-01-04 09:48:42,598 : INFO : Timer.attract_carousel_timer : Stopping Timer
2026-01-04 09:48:42,599 : INFO : EventManager : Event: ======'timer_attract_carousel_timer_stopped'====== Args={'ticks': 1, 'ticks_remaining': 1}
2026-01-04 09:48:42,599 : INFO : EventManager : Event: ======'timer_attract_carousel_timer_complete'====== Args={'ticks': 1, 'ticks_remaining': 1}
2026-01-04 09:48:42,599 : INFO : EventManager : Event: ======'carousel_item_highlighted'====== Args={'carousel': 'attract', 'direction': 'forwards', 'item': 'credits'}
2026-01-04 09:48:42,600 : INFO : Timer.attract_carousel_timer : Starting Timer.
2026-01-04 09:48:42,600 : INFO : EventManager : Event: ======'timer_attract_carousel_timer_started'====== Args={'ticks': 0, 'ticks_remaining': 1}
2026-01-04 09:48:42,600 : INFO : EventManager : Event: ======'timer_attract_carousel_timer_tick'====== Args={'ticks': 0, 'ticks_remaining': 1}
2026-01-04 09:48:50,100 : INFO : Timer.attract_carousel_timer : Timer Complete
2026-01-04 09:48:50,100 : INFO : Timer.attract_carousel_timer : Stopping Timer
2026-01-04 09:48:50,100 : INFO : EventManager : Event: ======'timer_attract_carousel_timer_stopped'====== Args={'ticks': 1, 'ticks_remaining': 1}
2026-01-04 09:48:50,100 : INFO : EventManager : Event: ======'timer_attract_carousel_timer_complete'====== Args={'ticks': 1, 'ticks_remaining': 1}
2026-01-04 09:48:50,101 : INFO : EventManager : Event: ======'carousel_item_highlighted'====== Args={'carousel': 'attract', 'direction': 'forwards', 'item': 'mpf_and_cobrapin_logo'}
2026-01-04 09:48:50,101 : INFO : Timer.attract_carousel_timer : Starting Timer.
2026-01-04 09:48:50,101 : INFO : EventManager : Event: ======'timer_attract_carousel_timer_started'====== Args={'ticks': 0, 'ticks_remaining': 1}
2026-01-04 09:48:50,101 : INFO : EventManager : Event: ======'timer_attract_carousel_timer_tick'====== Args={'ticks': 0, 'ticks_remaining': 1}
2026-01-04 09:48:57,602 : INFO : Timer.attract_carousel_timer : Timer Complete
2026-01-04 09:48:57,602 : INFO : Timer.attract_carousel_timer : Stopping Timer
2026-01-04 09:48:57,602 : INFO : EventManager : Event: ======'timer_attract_carousel_timer_stopped'====== Args={'ticks': 1, 'ticks_remaining': 1}
2026-01-04 09:48:57,602 : INFO : EventManager : Event: ======'timer_attract_carousel_timer_complete'====== Args={'ticks': 1, 'ticks_remaining': 1}
2026-01-04 09:48:57,603 : INFO : EventManager : Event: ======'carousel_item_highlighted'====== Args={'carousel': 'attract', 'direction': 'forwards', 'item': 'team_cherry'}
2026-01-04 09:48:57,603 : INFO : Timer.attract_carousel_timer : Starting Timer.
2026-01-04 09:48:57,603 : INFO : EventManager : Event: ======'timer_attract_carousel_timer_started'====== Args={'ticks': 0, 'ticks_remaining': 1}
2026-01-04 09:48:57,603 : INFO : EventManager : Event: ======'timer_attract_carousel_timer_tick'====== Args={'ticks': 0, 'ticks_remaining': 1}
2026-01-04 09:49:05,105 : INFO : Timer.attract_carousel_timer : Timer Complete
2026-01-04 09:49:05,105 : INFO : Timer.attract_carousel_timer : Stopping Timer
2026-01-04 09:49:05,105 : INFO : EventManager : Event: ======'timer_attract_carousel_timer_stopped'====== Args={'ticks': 1, 'ticks_remaining': 1}
2026-01-04 09:49:05,105 : INFO : EventManager : Event: ======'timer_attract_carousel_timer_complete'====== Args={'ticks': 1, 'ticks_remaining': 1}
2026-01-04 09:49:05,105 : INFO : EventManager : Event: ======'carousel_item_highlighted'====== Args={'carousel': 'attract', 'direction': 'forwards', 'item': 'last_scores_1p'}
2026-01-04 09:49:05,106 : INFO : Timer.attract_carousel_timer : Starting Timer.
2026-01-04 09:49:05,106 : INFO : EventManager : Event: ======'timer_attract_carousel_timer_started'====== Args={'ticks': 0, 'ticks_remaining': 1}
2026-01-04 09:49:05,106 : INFO : EventManager : Event: ======'timer_attract_carousel_timer_tick'====== Args={'ticks': 0, 'ticks_remaining': 1}
2026-01-04 09:49:12,608 : INFO : Timer.attract_carousel_timer : Timer Complete
2026-01-04 09:49:12,608 : INFO : Timer.attract_carousel_timer : Stopping Timer
2026-01-04 09:49:12,608 : INFO : EventManager : Event: ======'timer_attract_carousel_timer_stopped'====== Args={'ticks': 1, 'ticks_remaining': 1}
2026-01-04 09:49:12,608 : INFO : EventManager : Event: ======'timer_attract_carousel_timer_complete'====== Args={'ticks': 1, 'ticks_remaining': 1}
2026-01-04 09:49:12,609 : INFO : EventManager : Event: ======'carousel_item_highlighted'====== Args={'carousel': 'attract', 'direction': 'forwards', 'item': 'tutorial_slash'}
2026-01-04 09:49:12,609 : INFO : Timer.attract_carousel_timer : Starting Timer.
2026-01-04 09:49:12,609 : INFO : EventManager : Event: ======'timer_attract_carousel_timer_started'====== Args={'ticks': 0, 'ticks_remaining': 1}
2026-01-04 09:49:12,609 : INFO : EventManager : Event: ======'timer_attract_carousel_timer_tick'====== Args={'ticks': 0, 'ticks_remaining': 1}
2026-01-04 09:49:20,111 : INFO : Timer.attract_carousel_timer : Timer Complete
2026-01-04 09:49:20,111 : INFO : Timer.attract_carousel_timer : Stopping Timer
2026-01-04 09:49:20,111 : INFO : EventManager : Event: ======'timer_attract_carousel_timer_stopped'====== Args={'ticks': 1, 'ticks_remaining': 1}
2026-01-04 09:49:20,111 : INFO : EventManager : Event: ======'timer_attract_carousel_timer_complete'====== Args={'ticks': 1, 'ticks_remaining': 1}
2026-01-04 09:49:20,112 : INFO : EventManager : Event: ======'carousel_item_highlighted'====== Args={'carousel': 'attract', 'direction': 'forwards', 'item': 'tutorial_damage'}
2026-01-04 09:49:20,112 : INFO : Timer.attract_carousel_timer : Starting Timer.
2026-01-04 09:49:20,112 : INFO : EventManager : Event: ======'timer_attract_carousel_timer_started'====== Args={'ticks': 0, 'ticks_remaining': 1}
2026-01-04 09:49:20,112 : INFO : EventManager : Event: ======'timer_attract_carousel_timer_tick'====== Args={'ticks': 0, 'ticks_remaining': 1}
2026-01-04 09:49:27,614 : INFO : Timer.attract_carousel_timer : Timer Complete
2026-01-04 09:49:27,614 : INFO : Timer.attract_carousel_timer : Stopping Timer
2026-01-04 09:49:27,614 : INFO : EventManager : Event: ======'timer_attract_carousel_timer_stopped'====== Args={'ticks': 1, 'ticks_remaining': 1}
2026-01-04 09:49:27,614 : INFO : EventManager : Event: ======'timer_attract_carousel_timer_complete'====== Args={'ticks': 1, 'ticks_remaining': 1}
2026-01-04 09:49:27,614 : INFO : EventManager : Event: ======'carousel_item_highlighted'====== Args={'carousel': 'attract', 'direction': 'forwards', 'item': 'tutorial_dodge'}
2026-01-04 09:49:27,615 : INFO : Timer.attract_carousel_timer : Starting Timer.
2026-01-04 09:49:27,615 : INFO : EventManager : Event: ======'timer_attract_carousel_timer_started'====== Args={'ticks': 0, 'ticks_remaining': 1}
2026-01-04 09:49:27,615 : INFO : EventManager : Event: ======'timer_attract_carousel_timer_tick'====== Args={'ticks': 0, 'ticks_remaining': 1}
2026-01-04 09:49:35,116 : INFO : Timer.attract_carousel_timer : Timer Complete
2026-01-04 09:49:35,116 : INFO : Timer.attract_carousel_timer : Stopping Timer
2026-01-04 09:49:35,116 : INFO : EventManager : Event: ======'timer_attract_carousel_timer_stopped'====== Args={'ticks': 1, 'ticks_remaining': 1}
2026-01-04 09:49:35,116 : INFO : EventManager : Event: ======'timer_attract_carousel_timer_complete'====== Args={'ticks': 1, 'ticks_remaining': 1}
2026-01-04 09:49:35,116 : INFO : EventManager : Event: ======'carousel_item_highlighted'====== Args={'carousel': 'attract', 'direction': 'forwards', 'item': 'tutorial_heal'}
2026-01-04 09:49:35,117 : INFO : Timer.attract_carousel_timer : Starting Timer.
2026-01-04 09:49:35,117 : INFO : EventManager : Event: ======'timer_attract_carousel_timer_started'====== Args={'ticks': 0, 'ticks_remaining': 1}
2026-01-04 09:49:35,117 : INFO : EventManager : Event: ======'timer_attract_carousel_timer_tick'====== Args={'ticks': 0, 'ticks_remaining': 1}
2026-01-04 09:49:42,618 : INFO : Timer.attract_carousel_timer : Timer Complete
2026-01-04 09:49:42,618 : INFO : Timer.attract_carousel_timer : Stopping Timer
2026-01-04 09:49:42,618 : INFO : EventManager : Event: ======'timer_attract_carousel_timer_stopped'====== Args={'ticks': 1, 'ticks_remaining': 1}
2026-01-04 09:49:42,618 : INFO : EventManager : Event: ======'timer_attract_carousel_timer_complete'====== Args={'ticks': 1, 'ticks_remaining': 1}
2026-01-04 09:49:42,619 : INFO : EventManager : Event: ======'carousel_item_highlighted'====== Args={'carousel': 'attract', 'direction': 'forwards', 'item': 'title'}
2026-01-04 09:49:42,619 : INFO : Timer.attract_carousel_timer : Starting Timer.
2026-01-04 09:49:42,619 : INFO : EventManager : Event: ======'timer_attract_carousel_timer_started'====== Args={'ticks': 0, 'ticks_remaining': 1}
2026-01-04 09:49:42,619 : INFO : EventManager : Event: ======'timer_attract_carousel_timer_tick'====== Args={'ticks': 0, 'ticks_remaining': 1}
2026-01-04 09:49:50,120 : INFO : Timer.attract_carousel_timer : Timer Complete
2026-01-04 09:49:50,120 : INFO : Timer.attract_carousel_timer : Stopping Timer
2026-01-04 09:49:50,120 : INFO : EventManager : Event: ======'timer_attract_carousel_timer_stopped'====== Args={'ticks': 1, 'ticks_remaining': 1}
2026-01-04 09:49:50,120 : INFO : EventManager : Event: ======'timer_attract_carousel_timer_complete'====== Args={'ticks': 1, 'ticks_remaining': 1}
2026-01-04 09:49:50,120 : INFO : EventManager : Event: ======'carousel_item_highlighted'====== Args={'carousel': 'attract', 'direction': 'forwards', 'item': 'map'}
2026-01-04 09:49:50,121 : INFO : Timer.attract_carousel_timer : Starting Timer.
2026-01-04 09:49:50,121 : INFO : EventManager : Event: ======'timer_attract_carousel_timer_started'====== Args={'ticks': 0, 'ticks_remaining': 1}
2026-01-04 09:49:50,121 : INFO : EventManager : Event: ======'timer_attract_carousel_timer_tick'====== Args={'ticks': 0, 'ticks_remaining': 1}
2026-01-04 09:49:57,621 : INFO : Timer.attract_carousel_timer : Timer Complete
2026-01-04 09:49:57,622 : INFO : Timer.attract_carousel_timer : Stopping Timer
2026-01-04 09:49:57,622 : INFO : EventManager : Event: ======'timer_attract_carousel_timer_stopped'====== Args={'ticks': 1, 'ticks_remaining': 1}
2026-01-04 09:49:57,622 : INFO : EventManager : Event: ======'timer_attract_carousel_timer_complete'====== Args={'ticks': 1, 'ticks_remaining': 1}
2026-01-04 09:49:57,622 : INFO : EventManager : Event: ======'carousel_item_highlighted'====== Args={'carousel': 'attract', 'direction': 'forwards', 'item': 'credits'}
2026-01-04 09:49:57,623 : INFO : Timer.attract_carousel_timer : Starting Timer.
2026-01-04 09:49:57,623 : INFO : EventManager : Event: ======'timer_attract_carousel_timer_started'====== Args={'ticks': 0, 'ticks_remaining': 1}
2026-01-04 09:49:57,623 : INFO : EventManager : Event: ======'timer_attract_carousel_timer_tick'====== Args={'ticks': 0, 'ticks_remaining': 1}
2026-01-04 09:50:05,124 : INFO : Timer.attract_carousel_timer : Timer Complete
2026-01-04 09:50:05,124 : INFO : Timer.attract_carousel_timer : Stopping Timer
2026-01-04 09:50:05,124 : INFO : EventManager : Event: ======'timer_attract_carousel_timer_stopped'====== Args={'ticks': 1, 'ticks_remaining': 1}
2026-01-04 09:50:05,124 : INFO : EventManager : Event: ======'timer_attract_carousel_timer_complete'====== Args={'ticks': 1, 'ticks_remaining': 1}
2026-01-04 09:50:05,124 : INFO : EventManager : Event: ======'carousel_item_highlighted'====== Args={'carousel': 'attract', 'direction': 'forwards', 'item': 'mpf_and_cobrapin_logo'}
2026-01-04 09:50:05,125 : INFO : Timer.attract_carousel_timer : Starting Timer.
2026-01-04 09:50:05,125 : INFO : EventManager : Event: ======'timer_attract_carousel_timer_started'====== Args={'ticks': 0, 'ticks_remaining': 1}
2026-01-04 09:50:05,125 : INFO : EventManager : Event: ======'timer_attract_carousel_timer_tick'====== Args={'ticks': 0, 'ticks_remaining': 1}
2026-01-04 09:50:12,626 : INFO : Timer.attract_carousel_timer : Timer Complete
2026-01-04 09:50:12,626 : INFO : Timer.attract_carousel_timer : Stopping Timer
2026-01-04 09:50:12,626 : INFO : EventManager : Event: ======'timer_attract_carousel_timer_stopped'====== Args={'ticks': 1, 'ticks_remaining': 1}
2026-01-04 09:50:12,626 : INFO : EventManager : Event: ======'timer_attract_carousel_timer_complete'====== Args={'ticks': 1, 'ticks_remaining': 1}
2026-01-04 09:50:12,627 : INFO : EventManager : Event: ======'carousel_item_highlighted'====== Args={'carousel': 'attract', 'direction': 'forwards', 'item': 'team_cherry'}
2026-01-04 09:50:12,627 : INFO : Timer.attract_carousel_timer : Starting Timer.
2026-01-04 09:50:12,627 : INFO : EventManager : Event: ======'timer_attract_carousel_timer_started'====== Args={'ticks': 0, 'ticks_remaining': 1}
2026-01-04 09:50:12,627 : INFO : EventManager : Event: ======'timer_attract_carousel_timer_tick'====== Args={'ticks': 0, 'ticks_remaining': 1}
2026-01-04 09:50:20,128 : INFO : Timer.attract_carousel_timer : Timer Complete
2026-01-04 09:50:20,128 : INFO : Timer.attract_carousel_timer : Stopping Timer
2026-01-04 09:50:20,128 : INFO : EventManager : Event: ======'timer_attract_carousel_timer_stopped'====== Args={'ticks': 1, 'ticks_remaining': 1}
2026-01-04 09:50:20,128 : INFO : EventManager : Event: ======'timer_attract_carousel_timer_complete'====== Args={'ticks': 1, 'ticks_remaining': 1}
2026-01-04 09:50:20,129 : INFO : EventManager : Event: ======'carousel_item_highlighted'====== Args={'carousel': 'attract', 'direction': 'forwards', 'item': 'last_scores_1p'}
2026-01-04 09:50:20,129 : INFO : Timer.attract_carousel_timer : Starting Timer.
2026-01-04 09:50:20,129 : INFO : EventManager : Event: ======'timer_attract_carousel_timer_started'====== Args={'ticks': 0, 'ticks_remaining': 1}
2026-01-04 09:50:20,129 : INFO : EventManager : Event: ======'timer_attract_carousel_timer_tick'====== Args={'ticks': 0, 'ticks_remaining': 1}
2026-01-04 09:50:27,630 : INFO : Timer.attract_carousel_timer : Timer Complete
2026-01-04 09:50:27,630 : INFO : Timer.attract_carousel_timer : Stopping Timer
2026-01-04 09:50:27,630 : INFO : EventManager : Event: ======'timer_attract_carousel_timer_stopped'====== Args={'ticks': 1, 'ticks_remaining': 1}
2026-01-04 09:50:27,631 : INFO : EventManager : Event: ======'timer_attract_carousel_timer_complete'====== Args={'ticks': 1, 'ticks_remaining': 1}
2026-01-04 09:50:27,631 : INFO : EventManager : Event: ======'carousel_item_highlighted'====== Args={'carousel': 'attract', 'direction': 'forwards', 'item': 'tutorial_slash'}
2026-01-04 09:50:27,631 : INFO : Timer.attract_carousel_timer : Starting Timer.
2026-01-04 09:50:27,631 : INFO : EventManager : Event: ======'timer_attract_carousel_timer_started'====== Args={'ticks': 0, 'ticks_remaining': 1}
2026-01-04 09:50:27,632 : INFO : EventManager : Event: ======'timer_attract_carousel_timer_tick'====== Args={'ticks': 0, 'ticks_remaining': 1}
2026-01-04 09:50:35,133 : INFO : Timer.attract_carousel_timer : Timer Complete
2026-01-04 09:50:35,133 : INFO : Timer.attract_carousel_timer : Stopping Timer
2026-01-04 09:50:35,133 : INFO : EventManager : Event: ======'timer_attract_carousel_timer_stopped'====== Args={'ticks': 1, 'ticks_remaining': 1}
2026-01-04 09:50:35,133 : INFO : EventManager : Event: ======'timer_attract_carousel_timer_complete'====== Args={'ticks': 1, 'ticks_remaining': 1}
2026-01-04 09:50:35,133 : INFO : EventManager : Event: ======'carousel_item_highlighted'====== Args={'carousel': 'attract', 'direction': 'forwards', 'item': 'tutorial_damage'}
2026-01-04 09:50:35,134 : INFO : Timer.attract_carousel_timer : Starting Timer.
2026-01-04 09:50:35,134 : INFO : EventManager : Event: ======'timer_attract_carousel_timer_started'====== Args={'ticks': 0, 'ticks_remaining': 1}
2026-01-04 09:50:35,134 : INFO : EventManager : Event: ======'timer_attract_carousel_timer_tick'====== Args={'ticks': 0, 'ticks_remaining': 1}
2026-01-04 09:50:42,636 : INFO : Timer.attract_carousel_timer : Timer Complete
2026-01-04 09:50:42,636 : INFO : Timer.attract_carousel_timer : Stopping Timer
2026-01-04 09:50:42,636 : INFO : EventManager : Event: ======'timer_attract_carousel_timer_stopped'====== Args={'ticks': 1, 'ticks_remaining': 1}
2026-01-04 09:50:42,636 : INFO : EventManager : Event: ======'timer_attract_carousel_timer_complete'====== Args={'ticks': 1, 'ticks_remaining': 1}
2026-01-04 09:50:42,637 : INFO : EventManager : Event: ======'carousel_item_highlighted'====== Args={'carousel': 'attract', 'direction': 'forwards', 'item': 'tutorial_dodge'}
2026-01-04 09:50:42,637 : INFO : Timer.attract_carousel_timer : Starting Timer.
2026-01-04 09:50:42,637 : INFO : EventManager : Event: ======'timer_attract_carousel_timer_started'====== Args={'ticks': 0, 'ticks_remaining': 1}
2026-01-04 09:50:42,637 : INFO : EventManager : Event: ======'timer_attract_carousel_timer_tick'====== Args={'ticks': 0, 'ticks_remaining': 1}
2026-01-04 09:50:50,139 : INFO : Timer.attract_carousel_timer : Timer Complete
2026-01-04 09:50:50,139 : INFO : Timer.attract_carousel_timer : Stopping Timer
2026-01-04 09:50:50,139 : INFO : EventManager : Event: ======'timer_attract_carousel_timer_stopped'====== Args={'ticks': 1, 'ticks_remaining': 1}
2026-01-04 09:50:50,139 : INFO : EventManager : Event: ======'timer_attract_carousel_timer_complete'====== Args={'ticks': 1, 'ticks_remaining': 1}
2026-01-04 09:50:50,140 : INFO : EventManager : Event: ======'carousel_item_highlighted'====== Args={'carousel': 'attract', 'direction': 'forwards', 'item': 'tutorial_heal'}
2026-01-04 09:50:50,140 : INFO : Timer.attract_carousel_timer : Starting Timer.
2026-01-04 09:50:50,140 : INFO : EventManager : Event: ======'timer_attract_carousel_timer_started'====== Args={'ticks': 0, 'ticks_remaining': 1}
2026-01-04 09:50:50,140 : INFO : EventManager : Event: ======'timer_attract_carousel_timer_tick'====== Args={'ticks': 0, 'ticks_remaining': 1}
2026-01-04 09:50:57,641 : INFO : Timer.attract_carousel_timer : Timer Complete
2026-01-04 09:50:57,642 : INFO : Timer.attract_carousel_timer : Stopping Timer
2026-01-04 09:50:57,642 : INFO : EventManager : Event: ======'timer_attract_carousel_timer_stopped'====== Args={'ticks': 1, 'ticks_remaining': 1}
2026-01-04 09:50:57,642 : INFO : EventManager : Event: ======'timer_attract_carousel_timer_complete'====== Args={'ticks': 1, 'ticks_remaining': 1}
2026-01-04 09:50:57,642 : INFO : EventManager : Event: ======'carousel_item_highlighted'====== Args={'carousel': 'attract', 'direction': 'forwards', 'item': 'title'}
2026-01-04 09:50:57,642 : INFO : Timer.attract_carousel_timer : Starting Timer.
2026-01-04 09:50:57,643 : INFO : EventManager : Event: ======'timer_attract_carousel_timer_started'====== Args={'ticks': 0, 'ticks_remaining': 1}
2026-01-04 09:50:57,643 : INFO : EventManager : Event: ======'timer_attract_carousel_timer_tick'====== Args={'ticks': 0, 'ticks_remaining': 1}
2026-01-04 09:51:05,143 : INFO : Timer.attract_carousel_timer : Timer Complete
2026-01-04 09:51:05,143 : INFO : Timer.attract_carousel_timer : Stopping Timer
2026-01-04 09:51:05,144 : INFO : EventManager : Event: ======'timer_attract_carousel_timer_stopped'====== Args={'ticks': 1, 'ticks_remaining': 1}
2026-01-04 09:51:05,144 : INFO : EventManager : Event: ======'timer_attract_carousel_timer_complete'====== Args={'ticks': 1, 'ticks_remaining': 1}
2026-01-04 09:51:05,144 : INFO : EventManager : Event: ======'carousel_item_highlighted'====== Args={'carousel': 'attract', 'direction': 'forwards', 'item': 'map'}
2026-01-04 09:51:05,144 : INFO : Timer.attract_carousel_timer : Starting Timer.
2026-01-04 09:51:05,144 : INFO : EventManager : Event: ======'timer_attract_carousel_timer_started'====== Args={'ticks': 0, 'ticks_remaining': 1}
2026-01-04 09:51:05,144 : INFO : EventManager : Event: ======'timer_attract_carousel_timer_tick'====== Args={'ticks': 0, 'ticks_remaining': 1}
2026-01-04 09:51:12,645 : INFO : Timer.attract_carousel_timer : Timer Complete
2026-01-04 09:51:12,645 : INFO : Timer.attract_carousel_timer : Stopping Timer
2026-01-04 09:51:12,646 : INFO : EventManager : Event: ======'timer_attract_carousel_timer_stopped'====== Args={'ticks': 1, 'ticks_remaining': 1}
2026-01-04 09:51:12,646 : INFO : EventManager : Event: ======'timer_attract_carousel_timer_complete'====== Args={'ticks': 1, 'ticks_remaining': 1}
2026-01-04 09:51:12,646 : INFO : EventManager : Event: ======'carousel_item_highlighted'====== Args={'carousel': 'attract', 'direction': 'forwards', 'item': 'credits'}
2026-01-04 09:51:12,646 : INFO : Timer.attract_carousel_timer : Starting Timer.
2026-01-04 09:51:12,646 : INFO : EventManager : Event: ======'timer_attract_carousel_timer_started'====== Args={'ticks': 0, 'ticks_remaining': 1}
2026-01-04 09:51:12,646 : INFO : EventManager : Event: ======'timer_attract_carousel_timer_tick'====== Args={'ticks': 0, 'ticks_remaining': 1}
2026-01-04 09:51:20,148 : INFO : Timer.attract_carousel_timer : Timer Complete
2026-01-04 09:51:20,149 : INFO : Timer.attract_carousel_timer : Stopping Timer
2026-01-04 09:51:20,149 : INFO : EventManager : Event: ======'timer_attract_carousel_timer_stopped'====== Args={'ticks': 1, 'ticks_remaining': 1}
2026-01-04 09:51:20,149 : INFO : EventManager : Event: ======'timer_attract_carousel_timer_complete'====== Args={'ticks': 1, 'ticks_remaining': 1}
2026-01-04 09:51:20,149 : INFO : EventManager : Event: ======'carousel_item_highlighted'====== Args={'carousel': 'attract', 'direction': 'forwards', 'item': 'mpf_and_cobrapin_logo'}
2026-01-04 09:51:20,150 : INFO : Timer.attract_carousel_timer : Starting Timer.
2026-01-04 09:51:20,150 : INFO : EventManager : Event: ======'timer_attract_carousel_timer_started'====== Args={'ticks': 0, 'ticks_remaining': 1}
2026-01-04 09:51:20,150 : INFO : EventManager : Event: ======'timer_attract_carousel_timer_tick'====== Args={'ticks': 0, 'ticks_remaining': 1}
2026-01-04 09:51:27,651 : INFO : Timer.attract_carousel_timer : Timer Complete
2026-01-04 09:51:27,651 : INFO : Timer.attract_carousel_timer : Stopping Timer
2026-01-04 09:51:27,651 : INFO : EventManager : Event: ======'timer_attract_carousel_timer_stopped'====== Args={'ticks': 1, 'ticks_remaining': 1}
2026-01-04 09:51:27,651 : INFO : EventManager : Event: ======'timer_attract_carousel_timer_complete'====== Args={'ticks': 1, 'ticks_remaining': 1}
2026-01-04 09:51:27,652 : INFO : EventManager : Event: ======'carousel_item_highlighted'====== Args={'carousel': 'attract', 'direction': 'forwards', 'item': 'team_cherry'}
2026-01-04 09:51:27,653 : INFO : Timer.attract_carousel_timer : Starting Timer.
2026-01-04 09:51:27,653 : INFO : EventManager : Event: ======'timer_attract_carousel_timer_started'====== Args={'ticks': 0, 'ticks_remaining': 1}
2026-01-04 09:51:27,653 : INFO : EventManager : Event: ======'timer_attract_carousel_timer_tick'====== Args={'ticks': 0, 'ticks_remaining': 1}
2026-01-04 09:51:35,153 : INFO : Timer.attract_carousel_timer : Timer Complete
2026-01-04 09:51:35,154 : INFO : Timer.attract_carousel_timer : Stopping Timer
2026-01-04 09:51:35,154 : INFO : EventManager : Event: ======'timer_attract_carousel_timer_stopped'====== Args={'ticks': 1, 'ticks_remaining': 1}
2026-01-04 09:51:35,154 : INFO : EventManager : Event: ======'timer_attract_carousel_timer_complete'====== Args={'ticks': 1, 'ticks_remaining': 1}
2026-01-04 09:51:35,154 : INFO : EventManager : Event: ======'carousel_item_highlighted'====== Args={'carousel': 'attract', 'direction': 'forwards', 'item': 'last_scores_1p'}
2026-01-04 09:51:35,154 : INFO : Timer.attract_carousel_timer : Starting Timer.
2026-01-04 09:51:35,154 : INFO : EventManager : Event: ======'timer_attract_carousel_timer_started'====== Args={'ticks': 0, 'ticks_remaining': 1}
2026-01-04 09:51:35,155 : INFO : EventManager : Event: ======'timer_attract_carousel_timer_tick'====== Args={'ticks': 0, 'ticks_remaining': 1}
2026-01-04 09:51:42,655 : INFO : Timer.attract_carousel_timer : Timer Complete
2026-01-04 09:51:42,656 : INFO : Timer.attract_carousel_timer : Stopping Timer
2026-01-04 09:51:42,656 : INFO : EventManager : Event: ======'timer_attract_carousel_timer_stopped'====== Args={'ticks': 1, 'ticks_remaining': 1}
2026-01-04 09:51:42,656 : INFO : EventManager : Event: ======'timer_attract_carousel_timer_complete'====== Args={'ticks': 1, 'ticks_remaining': 1}
2026-01-04 09:51:42,656 : INFO : EventManager : Event: ======'carousel_item_highlighted'====== Args={'carousel': 'attract', 'direction': 'forwards', 'item': 'tutorial_slash'}
2026-01-04 09:51:42,656 : INFO : Timer.attract_carousel_timer : Starting Timer.
2026-01-04 09:51:42,657 : INFO : EventManager : Event: ======'timer_attract_carousel_timer_started'====== Args={'ticks': 0, 'ticks_remaining': 1}
2026-01-04 09:51:42,657 : INFO : EventManager : Event: ======'timer_attract_carousel_timer_tick'====== Args={'ticks': 0, 'ticks_remaining': 1}
2026-01-04 09:51:50,157 : INFO : Timer.attract_carousel_timer : Timer Complete
2026-01-04 09:51:50,158 : INFO : Timer.attract_carousel_timer : Stopping Timer
2026-01-04 09:51:50,158 : INFO : EventManager : Event: ======'timer_attract_carousel_timer_stopped'====== Args={'ticks': 1, 'ticks_remaining': 1}
2026-01-04 09:51:50,158 : INFO : EventManager : Event: ======'timer_attract_carousel_timer_complete'====== Args={'ticks': 1, 'ticks_remaining': 1}
2026-01-04 09:51:50,158 : INFO : EventManager : Event: ======'carousel_item_highlighted'====== Args={'carousel': 'attract', 'direction': 'forwards', 'item': 'tutorial_damage'}
2026-01-04 09:51:50,158 : INFO : Timer.attract_carousel_timer : Starting Timer.
2026-01-04 09:51:50,159 : INFO : EventManager : Event: ======'timer_attract_carousel_timer_started'====== Args={'ticks': 0, 'ticks_remaining': 1}
2026-01-04 09:51:50,159 : INFO : EventManager : Event: ======'timer_attract_carousel_timer_tick'====== Args={'ticks': 0, 'ticks_remaining': 1}
2026-01-04 09:51:57,659 : INFO : Timer.attract_carousel_timer : Timer Complete
2026-01-04 09:51:57,660 : INFO : Timer.attract_carousel_timer : Stopping Timer
2026-01-04 09:51:57,660 : INFO : EventManager : Event: ======'timer_attract_carousel_timer_stopped'====== Args={'ticks': 1, 'ticks_remaining': 1}
2026-01-04 09:51:57,660 : INFO : EventManager : Event: ======'timer_attract_carousel_timer_complete'====== Args={'ticks': 1, 'ticks_remaining': 1}
2026-01-04 09:51:57,660 : INFO : EventManager : Event: ======'carousel_item_highlighted'====== Args={'carousel': 'attract', 'direction': 'forwards', 'item': 'tutorial_dodge'}
2026-01-04 09:51:57,660 : INFO : Timer.attract_carousel_timer : Starting Timer.
2026-01-04 09:51:57,661 : INFO : EventManager : Event: ======'timer_attract_carousel_timer_started'====== Args={'ticks': 0, 'ticks_remaining': 1}
2026-01-04 09:51:57,661 : INFO : EventManager : Event: ======'timer_attract_carousel_timer_tick'====== Args={'ticks': 0, 'ticks_remaining': 1}
2026-01-04 09:52:05,162 : INFO : Timer.attract_carousel_timer : Timer Complete
2026-01-04 09:52:05,162 : INFO : Timer.attract_carousel_timer : Stopping Timer
2026-01-04 09:52:05,162 : INFO : EventManager : Event: ======'timer_attract_carousel_timer_stopped'====== Args={'ticks': 1, 'ticks_remaining': 1}
2026-01-04 09:52:05,162 : INFO : EventManager : Event: ======'timer_attract_carousel_timer_complete'====== Args={'ticks': 1, 'ticks_remaining': 1}
2026-01-04 09:52:05,163 : INFO : EventManager : Event: ======'carousel_item_highlighted'====== Args={'carousel': 'attract', 'direction': 'forwards', 'item': 'tutorial_heal'}
2026-01-04 09:52:05,163 : INFO : Timer.attract_carousel_timer : Starting Timer.
2026-01-04 09:52:05,163 : INFO : EventManager : Event: ======'timer_attract_carousel_timer_started'====== Args={'ticks': 0, 'ticks_remaining': 1}
2026-01-04 09:52:05,163 : INFO : EventManager : Event: ======'timer_attract_carousel_timer_tick'====== Args={'ticks': 0, 'ticks_remaining': 1}
2026-01-04 09:52:12,663 : INFO : Timer.attract_carousel_timer : Timer Complete
2026-01-04 09:52:12,664 : INFO : Timer.attract_carousel_timer : Stopping Timer
2026-01-04 09:52:12,664 : INFO : EventManager : Event: ======'timer_attract_carousel_timer_stopped'====== Args={'ticks': 1, 'ticks_remaining': 1}
2026-01-04 09:52:12,664 : INFO : EventManager : Event: ======'timer_attract_carousel_timer_complete'====== Args={'ticks': 1, 'ticks_remaining': 1}
2026-01-04 09:52:12,664 : INFO : EventManager : Event: ======'carousel_item_highlighted'====== Args={'carousel': 'attract', 'direction': 'forwards', 'item': 'title'}
2026-01-04 09:52:12,664 : INFO : Timer.attract_carousel_timer : Starting Timer.
2026-01-04 09:52:12,665 : INFO : EventManager : Event: ======'timer_attract_carousel_timer_started'====== Args={'ticks': 0, 'ticks_remaining': 1}
2026-01-04 09:52:12,665 : INFO : EventManager : Event: ======'timer_attract_carousel_timer_tick'====== Args={'ticks': 0, 'ticks_remaining': 1}
2026-01-04 09:52:20,166 : INFO : Timer.attract_carousel_timer : Timer Complete
2026-01-04 09:52:20,166 : INFO : Timer.attract_carousel_timer : Stopping Timer
2026-01-04 09:52:20,166 : INFO : EventManager : Event: ======'timer_attract_carousel_timer_stopped'====== Args={'ticks': 1, 'ticks_remaining': 1}
2026-01-04 09:52:20,166 : INFO : EventManager : Event: ======'timer_attract_carousel_timer_complete'====== Args={'ticks': 1, 'ticks_remaining': 1}
2026-01-04 09:52:20,166 : INFO : EventManager : Event: ======'carousel_item_highlighted'====== Args={'carousel': 'attract', 'direction': 'forwards', 'item': 'map'}
2026-01-04 09:52:20,167 : INFO : Timer.attract_carousel_timer : Starting Timer.
2026-01-04 09:52:20,167 : INFO : EventManager : Event: ======'timer_attract_carousel_timer_started'====== Args={'ticks': 0, 'ticks_remaining': 1}
2026-01-04 09:52:20,167 : INFO : EventManager : Event: ======'timer_attract_carousel_timer_tick'====== Args={'ticks': 0, 'ticks_remaining': 1}
2026-01-04 09:52:27,669 : INFO : Timer.attract_carousel_timer : Timer Complete
2026-01-04 09:52:27,669 : INFO : Timer.attract_carousel_timer : Stopping Timer
2026-01-04 09:52:27,669 : INFO : EventManager : Event: ======'timer_attract_carousel_timer_stopped'====== Args={'ticks': 1, 'ticks_remaining': 1}
2026-01-04 09:52:27,669 : INFO : EventManager : Event: ======'timer_attract_carousel_timer_complete'====== Args={'ticks': 1, 'ticks_remaining': 1}
2026-01-04 09:52:27,670 : INFO : EventManager : Event: ======'carousel_item_highlighted'====== Args={'carousel': 'attract', 'direction': 'forwards', 'item': 'credits'}
2026-01-04 09:52:27,670 : INFO : Timer.attract_carousel_timer : Starting Timer.
2026-01-04 09:52:27,670 : INFO : EventManager : Event: ======'timer_attract_carousel_timer_started'====== Args={'ticks': 0, 'ticks_remaining': 1}
2026-01-04 09:52:27,670 : INFO : EventManager : Event: ======'timer_attract_carousel_timer_tick'====== Args={'ticks': 0, 'ticks_remaining': 1}
2026-01-04 09:52:35,172 : INFO : Timer.attract_carousel_timer : Timer Complete
2026-01-04 09:52:35,172 : INFO : Timer.attract_carousel_timer : Stopping Timer
2026-01-04 09:52:35,172 : INFO : EventManager : Event: ======'timer_attract_carousel_timer_stopped'====== Args={'ticks': 1, 'ticks_remaining': 1}
2026-01-04 09:52:35,172 : INFO : EventManager : Event: ======'timer_attract_carousel_timer_complete'====== Args={'ticks': 1, 'ticks_remaining': 1}
2026-01-04 09:52:35,173 : INFO : EventManager : Event: ======'carousel_item_highlighted'====== Args={'carousel': 'attract', 'direction': 'forwards', 'item': 'mpf_and_cobrapin_logo'}
2026-01-04 09:52:35,173 : INFO : Timer.attract_carousel_timer : Starting Timer.
2026-01-04 09:52:35,173 : INFO : EventManager : Event: ======'timer_attract_carousel_timer_started'====== Args={'ticks': 0, 'ticks_remaining': 1}
2026-01-04 09:52:35,173 : INFO : EventManager : Event: ======'timer_attract_carousel_timer_tick'====== Args={'ticks': 0, 'ticks_remaining': 1}
2026-01-04 09:52:42,674 : INFO : Timer.attract_carousel_timer : Timer Complete
2026-01-04 09:52:42,674 : INFO : Timer.attract_carousel_timer : Stopping Timer
2026-01-04 09:52:42,674 : INFO : EventManager : Event: ======'timer_attract_carousel_timer_stopped'====== Args={'ticks': 1, 'ticks_remaining': 1}
2026-01-04 09:52:42,674 : INFO : EventManager : Event: ======'timer_attract_carousel_timer_complete'====== Args={'ticks': 1, 'ticks_remaining': 1}
2026-01-04 09:52:42,675 : INFO : EventManager : Event: ======'carousel_item_highlighted'====== Args={'carousel': 'attract', 'direction': 'forwards', 'item': 'team_cherry'}
2026-01-04 09:52:42,675 : INFO : Timer.attract_carousel_timer : Starting Timer.
2026-01-04 09:52:42,675 : INFO : EventManager : Event: ======'timer_attract_carousel_timer_started'====== Args={'ticks': 0, 'ticks_remaining': 1}
2026-01-04 09:52:42,675 : INFO : EventManager : Event: ======'timer_attract_carousel_timer_tick'====== Args={'ticks': 0, 'ticks_remaining': 1}
2026-01-04 09:52:50,176 : INFO : Timer.attract_carousel_timer : Timer Complete
2026-01-04 09:52:50,176 : INFO : Timer.attract_carousel_timer : Stopping Timer
2026-01-04 09:52:50,176 : INFO : EventManager : Event: ======'timer_attract_carousel_timer_stopped'====== Args={'ticks': 1, 'ticks_remaining': 1}
2026-01-04 09:52:50,177 : INFO : EventManager : Event: ======'timer_attract_carousel_timer_complete'====== Args={'ticks': 1, 'ticks_remaining': 1}
2026-01-04 09:52:50,177 : INFO : EventManager : Event: ======'carousel_item_highlighted'====== Args={'carousel': 'attract', 'direction': 'forwards', 'item': 'last_scores_1p'}
2026-01-04 09:52:50,177 : INFO : Timer.attract_carousel_timer : Starting Timer.
2026-01-04 09:52:50,177 : INFO : EventManager : Event: ======'timer_attract_carousel_timer_started'====== Args={'ticks': 0, 'ticks_remaining': 1}
2026-01-04 09:52:50,177 : INFO : EventManager : Event: ======'timer_attract_carousel_timer_tick'====== Args={'ticks': 0, 'ticks_remaining': 1}
2026-01-04 09:52:57,679 : INFO : Timer.attract_carousel_timer : Timer Complete
2026-01-04 09:52:57,680 : INFO : Timer.attract_carousel_timer : Stopping Timer
2026-01-04 09:52:57,680 : INFO : EventManager : Event: ======'timer_attract_carousel_timer_stopped'====== Args={'ticks': 1, 'ticks_remaining': 1}
2026-01-04 09:52:57,680 : INFO : EventManager : Event: ======'timer_attract_carousel_timer_complete'====== Args={'ticks': 1, 'ticks_remaining': 1}
2026-01-04 09:52:57,680 : INFO : EventManager : Event: ======'carousel_item_highlighted'====== Args={'carousel': 'attract', 'direction': 'forwards', 'item': 'tutorial_slash'}
2026-01-04 09:52:57,680 : INFO : Timer.attract_carousel_timer : Starting Timer.
2026-01-04 09:52:57,681 : INFO : EventManager : Event: ======'timer_attract_carousel_timer_started'====== Args={'ticks': 0, 'ticks_remaining': 1}
2026-01-04 09:52:57,681 : INFO : EventManager : Event: ======'timer_attract_carousel_timer_tick'====== Args={'ticks': 0, 'ticks_remaining': 1}
2026-01-04 09:53:05,182 : INFO : Timer.attract_carousel_timer : Timer Complete
2026-01-04 09:53:05,182 : INFO : Timer.attract_carousel_timer : Stopping Timer
2026-01-04 09:53:05,183 : INFO : EventManager : Event: ======'timer_attract_carousel_timer_stopped'====== Args={'ticks': 1, 'ticks_remaining': 1}
2026-01-04 09:53:05,183 : INFO : EventManager : Event: ======'timer_attract_carousel_timer_complete'====== Args={'ticks': 1, 'ticks_remaining': 1}
2026-01-04 09:53:05,183 : INFO : EventManager : Event: ======'carousel_item_highlighted'====== Args={'carousel': 'attract', 'direction': 'forwards', 'item': 'tutorial_damage'}
2026-01-04 09:53:05,183 : INFO : Timer.attract_carousel_timer : Starting Timer.
2026-01-04 09:53:05,183 : INFO : EventManager : Event: ======'timer_attract_carousel_timer_started'====== Args={'ticks': 0, 'ticks_remaining': 1}
2026-01-04 09:53:05,184 : INFO : EventManager : Event: ======'timer_attract_carousel_timer_tick'====== Args={'ticks': 0, 'ticks_remaining': 1}
2026-01-04 09:53:12,684 : INFO : Timer.attract_carousel_timer : Timer Complete
2026-01-04 09:53:12,684 : INFO : Timer.attract_carousel_timer : Stopping Timer
2026-01-04 09:53:12,684 : INFO : EventManager : Event: ======'timer_attract_carousel_timer_stopped'====== Args={'ticks': 1, 'ticks_remaining': 1}
2026-01-04 09:53:12,684 : INFO : EventManager : Event: ======'timer_attract_carousel_timer_complete'====== Args={'ticks': 1, 'ticks_remaining': 1}
2026-01-04 09:53:12,684 : INFO : EventManager : Event: ======'carousel_item_highlighted'====== Args={'carousel': 'attract', 'direction': 'forwards', 'item': 'tutorial_dodge'}
2026-01-04 09:53:12,685 : INFO : Timer.attract_carousel_timer : Starting Timer.
2026-01-04 09:53:12,685 : INFO : EventManager : Event: ======'timer_attract_carousel_timer_started'====== Args={'ticks': 0, 'ticks_remaining': 1}
2026-01-04 09:53:12,685 : INFO : EventManager : Event: ======'timer_attract_carousel_timer_tick'====== Args={'ticks': 0, 'ticks_remaining': 1}
2026-01-04 09:53:20,185 : INFO : Timer.attract_carousel_timer : Timer Complete
2026-01-04 09:53:20,186 : INFO : Timer.attract_carousel_timer : Stopping Timer
2026-01-04 09:53:20,186 : INFO : EventManager : Event: ======'timer_attract_carousel_timer_stopped'====== Args={'ticks': 1, 'ticks_remaining': 1}
2026-01-04 09:53:20,186 : INFO : EventManager : Event: ======'timer_attract_carousel_timer_complete'====== Args={'ticks': 1, 'ticks_remaining': 1}
2026-01-04 09:53:20,186 : INFO : EventManager : Event: ======'carousel_item_highlighted'====== Args={'carousel': 'attract', 'direction': 'forwards', 'item': 'tutorial_heal'}
2026-01-04 09:53:20,186 : INFO : Timer.attract_carousel_timer : Starting Timer.
2026-01-04 09:53:20,187 : INFO : EventManager : Event: ======'timer_attract_carousel_timer_started'====== Args={'ticks': 0, 'ticks_remaining': 1}
2026-01-04 09:53:20,187 : INFO : EventManager : Event: ======'timer_attract_carousel_timer_tick'====== Args={'ticks': 0, 'ticks_remaining': 1}
2026-01-04 09:53:27,688 : INFO : Timer.attract_carousel_timer : Timer Complete
2026-01-04 09:53:27,688 : INFO : Timer.attract_carousel_timer : Stopping Timer
2026-01-04 09:53:27,689 : INFO : EventManager : Event: ======'timer_attract_carousel_timer_stopped'====== Args={'ticks': 1, 'ticks_remaining': 1}
2026-01-04 09:53:27,689 : INFO : EventManager : Event: ======'timer_attract_carousel_timer_complete'====== Args={'ticks': 1, 'ticks_remaining': 1}
2026-01-04 09:53:27,689 : INFO : EventManager : Event: ======'carousel_item_highlighted'====== Args={'carousel': 'attract', 'direction': 'forwards', 'item': 'title'}
2026-01-04 09:53:27,689 : INFO : Timer.attract_carousel_timer : Starting Timer.
2026-01-04 09:53:27,689 : INFO : EventManager : Event: ======'timer_attract_carousel_timer_started'====== Args={'ticks': 0, 'ticks_remaining': 1}
2026-01-04 09:53:27,689 : INFO : EventManager : Event: ======'timer_attract_carousel_timer_tick'====== Args={'ticks': 0, 'ticks_remaining': 1}
2026-01-04 09:53:35,190 : INFO : Timer.attract_carousel_timer : Timer Complete
2026-01-04 09:53:35,191 : INFO : Timer.attract_carousel_timer : Stopping Timer
2026-01-04 09:53:35,191 : INFO : EventManager : Event: ======'timer_attract_carousel_timer_stopped'====== Args={'ticks': 1, 'ticks_remaining': 1}
2026-01-04 09:53:35,191 : INFO : EventManager : Event: ======'timer_attract_carousel_timer_complete'====== Args={'ticks': 1, 'ticks_remaining': 1}
2026-01-04 09:53:35,191 : INFO : EventManager : Event: ======'carousel_item_highlighted'====== Args={'carousel': 'attract', 'direction': 'forwards', 'item': 'map'}
2026-01-04 09:53:35,191 : INFO : Timer.attract_carousel_timer : Starting Timer.
2026-01-04 09:53:35,192 : INFO : EventManager : Event: ======'timer_attract_carousel_timer_started'====== Args={'ticks': 0, 'ticks_remaining': 1}
2026-01-04 09:53:35,192 : INFO : EventManager : Event: ======'timer_attract_carousel_timer_tick'====== Args={'ticks': 0, 'ticks_remaining': 1}
2026-01-04 09:53:42,692 : INFO : Timer.attract_carousel_timer : Timer Complete
2026-01-04 09:53:42,692 : INFO : Timer.attract_carousel_timer : Stopping Timer
2026-01-04 09:53:42,692 : INFO : EventManager : Event: ======'timer_attract_carousel_timer_stopped'====== Args={'ticks': 1, 'ticks_remaining': 1}
2026-01-04 09:53:42,692 : INFO : EventManager : Event: ======'timer_attract_carousel_timer_complete'====== Args={'ticks': 1, 'ticks_remaining': 1}
2026-01-04 09:53:42,693 : INFO : EventManager : Event: ======'carousel_item_highlighted'====== Args={'carousel': 'attract', 'direction': 'forwards', 'item': 'credits'}
2026-01-04 09:53:42,693 : INFO : Timer.attract_carousel_timer : Starting Timer.
2026-01-04 09:53:42,693 : INFO : EventManager : Event: ======'timer_attract_carousel_timer_started'====== Args={'ticks': 0, 'ticks_remaining': 1}
2026-01-04 09:53:42,693 : INFO : EventManager : Event: ======'timer_attract_carousel_timer_tick'====== Args={'ticks': 0, 'ticks_remaining': 1}
2026-01-04 09:53:50,193 : INFO : Timer.attract_carousel_timer : Timer Complete
2026-01-04 09:53:50,193 : INFO : Timer.attract_carousel_timer : Stopping Timer
2026-01-04 09:53:50,194 : INFO : EventManager : Event: ======'timer_attract_carousel_timer_stopped'====== Args={'ticks': 1, 'ticks_remaining': 1}
2026-01-04 09:53:50,194 : INFO : EventManager : Event: ======'timer_attract_carousel_timer_complete'====== Args={'ticks': 1, 'ticks_remaining': 1}
2026-01-04 09:53:50,194 : INFO : EventManager : Event: ======'carousel_item_highlighted'====== Args={'carousel': 'attract', 'direction': 'forwards', 'item': 'mpf_and_cobrapin_logo'}
2026-01-04 09:53:50,194 : INFO : Timer.attract_carousel_timer : Starting Timer.
2026-01-04 09:53:50,194 : INFO : EventManager : Event: ======'timer_attract_carousel_timer_started'====== Args={'ticks': 0, 'ticks_remaining': 1}
2026-01-04 09:53:50,194 : INFO : EventManager : Event: ======'timer_attract_carousel_timer_tick'====== Args={'ticks': 0, 'ticks_remaining': 1}
2026-01-04 09:53:57,695 : INFO : Timer.attract_carousel_timer : Timer Complete
2026-01-04 09:53:57,695 : INFO : Timer.attract_carousel_timer : Stopping Timer
2026-01-04 09:53:57,695 : INFO : EventManager : Event: ======'timer_attract_carousel_timer_stopped'====== Args={'ticks': 1, 'ticks_remaining': 1}
2026-01-04 09:53:57,695 : INFO : EventManager : Event: ======'timer_attract_carousel_timer_complete'====== Args={'ticks': 1, 'ticks_remaining': 1}
2026-01-04 09:53:57,695 : INFO : EventManager : Event: ======'carousel_item_highlighted'====== Args={'carousel': 'attract', 'direction': 'forwards', 'item': 'team_cherry'}
2026-01-04 09:53:57,696 : INFO : Timer.attract_carousel_timer : Starting Timer.
2026-01-04 09:53:57,696 : INFO : EventManager : Event: ======'timer_attract_carousel_timer_started'====== Args={'ticks': 0, 'ticks_remaining': 1}
2026-01-04 09:53:57,696 : INFO : EventManager : Event: ======'timer_attract_carousel_timer_tick'====== Args={'ticks': 0, 'ticks_remaining': 1}
2026-01-04 09:54:05,196 : INFO : Timer.attract_carousel_timer : Timer Complete
2026-01-04 09:54:05,196 : INFO : Timer.attract_carousel_timer : Stopping Timer
2026-01-04 09:54:05,196 : INFO : EventManager : Event: ======'timer_attract_carousel_timer_stopped'====== Args={'ticks': 1, 'ticks_remaining': 1}
2026-01-04 09:54:05,196 : INFO : EventManager : Event: ======'timer_attract_carousel_timer_complete'====== Args={'ticks': 1, 'ticks_remaining': 1}
2026-01-04 09:54:05,197 : INFO : EventManager : Event: ======'carousel_item_highlighted'====== Args={'carousel': 'attract', 'direction': 'forwards', 'item': 'last_scores_1p'}
2026-01-04 09:54:05,197 : INFO : Timer.attract_carousel_timer : Starting Timer.
2026-01-04 09:54:05,197 : INFO : EventManager : Event: ======'timer_attract_carousel_timer_started'====== Args={'ticks': 0, 'ticks_remaining': 1}
2026-01-04 09:54:05,197 : INFO : EventManager : Event: ======'timer_attract_carousel_timer_tick'====== Args={'ticks': 0, 'ticks_remaining': 1}
2026-01-04 09:54:12,699 : INFO : Timer.attract_carousel_timer : Timer Complete
2026-01-04 09:54:12,699 : INFO : Timer.attract_carousel_timer : Stopping Timer
2026-01-04 09:54:12,699 : INFO : EventManager : Event: ======'timer_attract_carousel_timer_stopped'====== Args={'ticks': 1, 'ticks_remaining': 1}
2026-01-04 09:54:12,699 : INFO : EventManager : Event: ======'timer_attract_carousel_timer_complete'====== Args={'ticks': 1, 'ticks_remaining': 1}
2026-01-04 09:54:12,699 : INFO : EventManager : Event: ======'carousel_item_highlighted'====== Args={'carousel': 'attract', 'direction': 'forwards', 'item': 'tutorial_slash'}
2026-01-04 09:54:12,700 : INFO : Timer.attract_carousel_timer : Starting Timer.
2026-01-04 09:54:12,700 : INFO : EventManager : Event: ======'timer_attract_carousel_timer_started'====== Args={'ticks': 0, 'ticks_remaining': 1}
2026-01-04 09:54:12,700 : INFO : EventManager : Event: ======'timer_attract_carousel_timer_tick'====== Args={'ticks': 0, 'ticks_remaining': 1}
2026-01-04 09:54:20,202 : INFO : Timer.attract_carousel_timer : Timer Complete
2026-01-04 09:54:20,202 : INFO : Timer.attract_carousel_timer : Stopping Timer
2026-01-04 09:54:20,202 : INFO : EventManager : Event: ======'timer_attract_carousel_timer_stopped'====== Args={'ticks': 1, 'ticks_remaining': 1}
2026-01-04 09:54:20,202 : INFO : EventManager : Event: ======'timer_attract_carousel_timer_complete'====== Args={'ticks': 1, 'ticks_remaining': 1}
2026-01-04 09:54:20,203 : INFO : EventManager : Event: ======'carousel_item_highlighted'====== Args={'carousel': 'attract', 'direction': 'forwards', 'item': 'tutorial_damage'}
2026-01-04 09:54:20,203 : INFO : Timer.attract_carousel_timer : Starting Timer.
2026-01-04 09:54:20,203 : INFO : EventManager : Event: ======'timer_attract_carousel_timer_started'====== Args={'ticks': 0, 'ticks_remaining': 1}
2026-01-04 09:54:20,203 : INFO : EventManager : Event: ======'timer_attract_carousel_timer_tick'====== Args={'ticks': 0, 'ticks_remaining': 1}
2026-01-04 09:54:27,705 : INFO : Timer.attract_carousel_timer : Timer Complete
2026-01-04 09:54:27,705 : INFO : Timer.attract_carousel_timer : Stopping Timer
2026-01-04 09:54:27,705 : INFO : EventManager : Event: ======'timer_attract_carousel_timer_stopped'====== Args={'ticks': 1, 'ticks_remaining': 1}
2026-01-04 09:54:27,705 : INFO : EventManager : Event: ======'timer_attract_carousel_timer_complete'====== Args={'ticks': 1, 'ticks_remaining': 1}
2026-01-04 09:54:27,705 : INFO : EventManager : Event: ======'carousel_item_highlighted'====== Args={'carousel': 'attract', 'direction': 'forwards', 'item': 'tutorial_dodge'}
2026-01-04 09:54:27,706 : INFO : Timer.attract_carousel_timer : Starting Timer.
2026-01-04 09:54:27,706 : INFO : EventManager : Event: ======'timer_attract_carousel_timer_started'====== Args={'ticks': 0, 'ticks_remaining': 1}
2026-01-04 09:54:27,706 : INFO : EventManager : Event: ======'timer_attract_carousel_timer_tick'====== Args={'ticks': 0, 'ticks_remaining': 1}
2026-01-04 09:54:35,208 : INFO : Timer.attract_carousel_timer : Timer Complete
2026-01-04 09:54:35,208 : INFO : Timer.attract_carousel_timer : Stopping Timer
2026-01-04 09:54:35,208 : INFO : EventManager : Event: ======'timer_attract_carousel_timer_stopped'====== Args={'ticks': 1, 'ticks_remaining': 1}
2026-01-04 09:54:35,208 : INFO : EventManager : Event: ======'timer_attract_carousel_timer_complete'====== Args={'ticks': 1, 'ticks_remaining': 1}
2026-01-04 09:54:35,208 : INFO : EventManager : Event: ======'carousel_item_highlighted'====== Args={'carousel': 'attract', 'direction': 'forwards', 'item': 'tutorial_heal'}
2026-01-04 09:54:35,209 : INFO : Timer.attract_carousel_timer : Starting Timer.
2026-01-04 09:54:35,209 : INFO : EventManager : Event: ======'timer_attract_carousel_timer_started'====== Args={'ticks': 0, 'ticks_remaining': 1}
2026-01-04 09:54:35,209 : INFO : EventManager : Event: ======'timer_attract_carousel_timer_tick'====== Args={'ticks': 0, 'ticks_remaining': 1}
2026-01-04 09:54:42,709 : INFO : Timer.attract_carousel_timer : Timer Complete
2026-01-04 09:54:42,709 : INFO : Timer.attract_carousel_timer : Stopping Timer
2026-01-04 09:54:42,709 : INFO : EventManager : Event: ======'timer_attract_carousel_timer_stopped'====== Args={'ticks': 1, 'ticks_remaining': 1}
2026-01-04 09:54:42,709 : INFO : EventManager : Event: ======'timer_attract_carousel_timer_complete'====== Args={'ticks': 1, 'ticks_remaining': 1}
2026-01-04 09:54:42,710 : INFO : EventManager : Event: ======'carousel_item_highlighted'====== Args={'carousel': 'attract', 'direction': 'forwards', 'item': 'title'}
2026-01-04 09:54:42,710 : INFO : Timer.attract_carousel_timer : Starting Timer.
2026-01-04 09:54:42,710 : INFO : EventManager : Event: ======'timer_attract_carousel_timer_started'====== Args={'ticks': 0, 'ticks_remaining': 1}
2026-01-04 09:54:42,710 : INFO : EventManager : Event: ======'timer_attract_carousel_timer_tick'====== Args={'ticks': 0, 'ticks_remaining': 1}
2026-01-04 09:54:50,211 : INFO : Timer.attract_carousel_timer : Timer Complete
2026-01-04 09:54:50,212 : INFO : Timer.attract_carousel_timer : Stopping Timer
2026-01-04 09:54:50,212 : INFO : EventManager : Event: ======'timer_attract_carousel_timer_stopped'====== Args={'ticks': 1, 'ticks_remaining': 1}
2026-01-04 09:54:50,212 : INFO : EventManager : Event: ======'timer_attract_carousel_timer_complete'====== Args={'ticks': 1, 'ticks_remaining': 1}
2026-01-04 09:54:50,212 : INFO : EventManager : Event: ======'carousel_item_highlighted'====== Args={'carousel': 'attract', 'direction': 'forwards', 'item': 'map'}
2026-01-04 09:54:50,212 : INFO : Timer.attract_carousel_timer : Starting Timer.
2026-01-04 09:54:50,213 : INFO : EventManager : Event: ======'timer_attract_carousel_timer_started'====== Args={'ticks': 0, 'ticks_remaining': 1}
2026-01-04 09:54:50,213 : INFO : EventManager : Event: ======'timer_attract_carousel_timer_tick'====== Args={'ticks': 0, 'ticks_remaining': 1}
2026-01-04 09:54:57,713 : INFO : Timer.attract_carousel_timer : Timer Complete
2026-01-04 09:54:57,714 : INFO : Timer.attract_carousel_timer : Stopping Timer
2026-01-04 09:54:57,714 : INFO : EventManager : Event: ======'timer_attract_carousel_timer_stopped'====== Args={'ticks': 1, 'ticks_remaining': 1}
2026-01-04 09:54:57,714 : INFO : EventManager : Event: ======'timer_attract_carousel_timer_complete'====== Args={'ticks': 1, 'ticks_remaining': 1}
2026-01-04 09:54:57,715 : INFO : EventManager : Event: ======'carousel_item_highlighted'====== Args={'carousel': 'attract', 'direction': 'forwards', 'item': 'credits'}
2026-01-04 09:54:57,715 : INFO : Timer.attract_carousel_timer : Starting Timer.
2026-01-04 09:54:57,715 : INFO : EventManager : Event: ======'timer_attract_carousel_timer_started'====== Args={'ticks': 0, 'ticks_remaining': 1}
2026-01-04 09:54:57,715 : INFO : EventManager : Event: ======'timer_attract_carousel_timer_tick'====== Args={'ticks': 0, 'ticks_remaining': 1}
2026-01-04 09:55:05,216 : INFO : Timer.attract_carousel_timer : Timer Complete
2026-01-04 09:55:05,216 : INFO : Timer.attract_carousel_timer : Stopping Timer
2026-01-04 09:55:05,216 : INFO : EventManager : Event: ======'timer_attract_carousel_timer_stopped'====== Args={'ticks': 1, 'ticks_remaining': 1}
2026-01-04 09:55:05,217 : INFO : EventManager : Event: ======'timer_attract_carousel_timer_complete'====== Args={'ticks': 1, 'ticks_remaining': 1}
2026-01-04 09:55:05,217 : INFO : EventManager : Event: ======'carousel_item_highlighted'====== Args={'carousel': 'attract', 'direction': 'forwards', 'item': 'mpf_and_cobrapin_logo'}
2026-01-04 09:55:05,217 : INFO : Timer.attract_carousel_timer : Starting Timer.
2026-01-04 09:55:05,218 : INFO : EventManager : Event: ======'timer_attract_carousel_timer_started'====== Args={'ticks': 0, 'ticks_remaining': 1}
2026-01-04 09:55:05,218 : INFO : EventManager : Event: ======'timer_attract_carousel_timer_tick'====== Args={'ticks': 0, 'ticks_remaining': 1}
2026-01-04 09:55:12,718 : INFO : Timer.attract_carousel_timer : Timer Complete
2026-01-04 09:55:12,718 : INFO : Timer.attract_carousel_timer : Stopping Timer
2026-01-04 09:55:12,718 : INFO : EventManager : Event: ======'timer_attract_carousel_timer_stopped'====== Args={'ticks': 1, 'ticks_remaining': 1}
2026-01-04 09:55:12,718 : INFO : EventManager : Event: ======'timer_attract_carousel_timer_complete'====== Args={'ticks': 1, 'ticks_remaining': 1}
2026-01-04 09:55:12,719 : INFO : EventManager : Event: ======'carousel_item_highlighted'====== Args={'carousel': 'attract', 'direction': 'forwards', 'item': 'team_cherry'}
2026-01-04 09:55:12,719 : INFO : Timer.attract_carousel_timer : Starting Timer.
2026-01-04 09:55:12,719 : INFO : EventManager : Event: ======'timer_attract_carousel_timer_started'====== Args={'ticks': 0, 'ticks_remaining': 1}
2026-01-04 09:55:12,720 : INFO : EventManager : Event: ======'timer_attract_carousel_timer_tick'====== Args={'ticks': 0, 'ticks_remaining': 1}
2026-01-04 09:55:20,221 : INFO : Timer.attract_carousel_timer : Timer Complete
2026-01-04 09:55:20,221 : INFO : Timer.attract_carousel_timer : Stopping Timer
2026-01-04 09:55:20,221 : INFO : EventManager : Event: ======'timer_attract_carousel_timer_stopped'====== Args={'ticks': 1, 'ticks_remaining': 1}
2026-01-04 09:55:20,221 : INFO : EventManager : Event: ======'timer_attract_carousel_timer_complete'====== Args={'ticks': 1, 'ticks_remaining': 1}
2026-01-04 09:55:20,221 : INFO : EventManager : Event: ======'carousel_item_highlighted'====== Args={'carousel': 'attract', 'direction': 'forwards', 'item': 'last_scores_1p'}
2026-01-04 09:55:20,222 : INFO : Timer.attract_carousel_timer : Starting Timer.
2026-01-04 09:55:20,222 : INFO : EventManager : Event: ======'timer_attract_carousel_timer_started'====== Args={'ticks': 0, 'ticks_remaining': 1}
2026-01-04 09:55:20,222 : INFO : EventManager : Event: ======'timer_attract_carousel_timer_tick'====== Args={'ticks': 0, 'ticks_remaining': 1}
2026-01-04 09:55:27,724 : INFO : Timer.attract_carousel_timer : Timer Complete
2026-01-04 09:55:27,724 : INFO : Timer.attract_carousel_timer : Stopping Timer
2026-01-04 09:55:27,724 : INFO : EventManager : Event: ======'timer_attract_carousel_timer_stopped'====== Args={'ticks': 1, 'ticks_remaining': 1}
2026-01-04 09:55:27,724 : INFO : EventManager : Event: ======'timer_attract_carousel_timer_complete'====== Args={'ticks': 1, 'ticks_remaining': 1}
2026-01-04 09:55:27,724 : INFO : EventManager : Event: ======'carousel_item_highlighted'====== Args={'carousel': 'attract', 'direction': 'forwards', 'item': 'tutorial_slash'}
2026-01-04 09:55:27,725 : INFO : Timer.attract_carousel_timer : Starting Timer.
2026-01-04 09:55:27,725 : INFO : EventManager : Event: ======'timer_attract_carousel_timer_started'====== Args={'ticks': 0, 'ticks_remaining': 1}
2026-01-04 09:55:27,725 : INFO : EventManager : Event: ======'timer_attract_carousel_timer_tick'====== Args={'ticks': 0, 'ticks_remaining': 1}
2026-01-04 09:55:35,226 : INFO : Timer.attract_carousel_timer : Timer Complete
2026-01-04 09:55:35,226 : INFO : Timer.attract_carousel_timer : Stopping Timer
2026-01-04 09:55:35,226 : INFO : EventManager : Event: ======'timer_attract_carousel_timer_stopped'====== Args={'ticks': 1, 'ticks_remaining': 1}
2026-01-04 09:55:35,226 : INFO : EventManager : Event: ======'timer_attract_carousel_timer_complete'====== Args={'ticks': 1, 'ticks_remaining': 1}
2026-01-04 09:55:35,227 : INFO : EventManager : Event: ======'carousel_item_highlighted'====== Args={'carousel': 'attract', 'direction': 'forwards', 'item': 'tutorial_damage'}
2026-01-04 09:55:35,227 : INFO : Timer.attract_carousel_timer : Starting Timer.
2026-01-04 09:55:35,227 : INFO : EventManager : Event: ======'timer_attract_carousel_timer_started'====== Args={'ticks': 0, 'ticks_remaining': 1}
2026-01-04 09:55:35,227 : INFO : EventManager : Event: ======'timer_attract_carousel_timer_tick'====== Args={'ticks': 0, 'ticks_remaining': 1}
2026-01-04 09:55:42,729 : INFO : Timer.attract_carousel_timer : Timer Complete
2026-01-04 09:55:42,729 : INFO : Timer.attract_carousel_timer : Stopping Timer
2026-01-04 09:55:42,729 : INFO : EventManager : Event: ======'timer_attract_carousel_timer_stopped'====== Args={'ticks': 1, 'ticks_remaining': 1}
2026-01-04 09:55:42,729 : INFO : EventManager : Event: ======'timer_attract_carousel_timer_complete'====== Args={'ticks': 1, 'ticks_remaining': 1}
2026-01-04 09:55:42,730 : INFO : EventManager : Event: ======'carousel_item_highlighted'====== Args={'carousel': 'attract', 'direction': 'forwards', 'item': 'tutorial_dodge'}
2026-01-04 09:55:42,730 : INFO : Timer.attract_carousel_timer : Starting Timer.
2026-01-04 09:55:42,730 : INFO : EventManager : Event: ======'timer_attract_carousel_timer_started'====== Args={'ticks': 0, 'ticks_remaining': 1}
2026-01-04 09:55:42,730 : INFO : EventManager : Event: ======'timer_attract_carousel_timer_tick'====== Args={'ticks': 0, 'ticks_remaining': 1}
2026-01-04 09:55:50,231 : INFO : Timer.attract_carousel_timer : Timer Complete
2026-01-04 09:55:50,231 : INFO : Timer.attract_carousel_timer : Stopping Timer
2026-01-04 09:55:50,231 : INFO : EventManager : Event: ======'timer_attract_carousel_timer_stopped'====== Args={'ticks': 1, 'ticks_remaining': 1}
2026-01-04 09:55:50,231 : INFO : EventManager : Event: ======'timer_attract_carousel_timer_complete'====== Args={'ticks': 1, 'ticks_remaining': 1}
2026-01-04 09:55:50,231 : INFO : EventManager : Event: ======'carousel_item_highlighted'====== Args={'carousel': 'attract', 'direction': 'forwards', 'item': 'tutorial_heal'}
2026-01-04 09:55:50,232 : INFO : Timer.attract_carousel_timer : Starting Timer.
2026-01-04 09:55:50,232 : INFO : EventManager : Event: ======'timer_attract_carousel_timer_started'====== Args={'ticks': 0, 'ticks_remaining': 1}
2026-01-04 09:55:50,232 : INFO : EventManager : Event: ======'timer_attract_carousel_timer_tick'====== Args={'ticks': 0, 'ticks_remaining': 1}
2026-01-04 09:55:57,732 : INFO : Timer.attract_carousel_timer : Timer Complete
2026-01-04 09:55:57,732 : INFO : Timer.attract_carousel_timer : Stopping Timer
2026-01-04 09:55:57,733 : INFO : EventManager : Event: ======'timer_attract_carousel_timer_stopped'====== Args={'ticks': 1, 'ticks_remaining': 1}
2026-01-04 09:55:57,733 : INFO : EventManager : Event: ======'timer_attract_carousel_timer_complete'====== Args={'ticks': 1, 'ticks_remaining': 1}
2026-01-04 09:55:57,733 : INFO : EventManager : Event: ======'carousel_item_highlighted'====== Args={'carousel': 'attract', 'direction': 'forwards', 'item': 'title'}
2026-01-04 09:55:57,733 : INFO : Timer.attract_carousel_timer : Starting Timer.
2026-01-04 09:55:57,733 : INFO : EventManager : Event: ======'timer_attract_carousel_timer_started'====== Args={'ticks': 0, 'ticks_remaining': 1}
2026-01-04 09:55:57,733 : INFO : EventManager : Event: ======'timer_attract_carousel_timer_tick'====== Args={'ticks': 0, 'ticks_remaining': 1}
2026-01-04 09:56:05,234 : INFO : Timer.attract_carousel_timer : Timer Complete
2026-01-04 09:56:05,234 : INFO : Timer.attract_carousel_timer : Stopping Timer
2026-01-04 09:56:05,234 : INFO : EventManager : Event: ======'timer_attract_carousel_timer_stopped'====== Args={'ticks': 1, 'ticks_remaining': 1}
2026-01-04 09:56:05,234 : INFO : EventManager : Event: ======'timer_attract_carousel_timer_complete'====== Args={'ticks': 1, 'ticks_remaining': 1}
2026-01-04 09:56:05,234 : INFO : EventManager : Event: ======'carousel_item_highlighted'====== Args={'carousel': 'attract', 'direction': 'forwards', 'item': 'map'}
2026-01-04 09:56:05,235 : INFO : Timer.attract_carousel_timer : Starting Timer.
2026-01-04 09:56:05,235 : INFO : EventManager : Event: ======'timer_attract_carousel_timer_started'====== Args={'ticks': 0, 'ticks_remaining': 1}
2026-01-04 09:56:05,235 : INFO : EventManager : Event: ======'timer_attract_carousel_timer_tick'====== Args={'ticks': 0, 'ticks_remaining': 1}
2026-01-04 09:56:12,735 : INFO : Timer.attract_carousel_timer : Timer Complete
2026-01-04 09:56:12,735 : INFO : Timer.attract_carousel_timer : Stopping Timer
2026-01-04 09:56:12,735 : INFO : EventManager : Event: ======'timer_attract_carousel_timer_stopped'====== Args={'ticks': 1, 'ticks_remaining': 1}
2026-01-04 09:56:12,736 : INFO : EventManager : Event: ======'timer_attract_carousel_timer_complete'====== Args={'ticks': 1, 'ticks_remaining': 1}
2026-01-04 09:56:12,736 : INFO : EventManager : Event: ======'carousel_item_highlighted'====== Args={'carousel': 'attract', 'direction': 'forwards', 'item': 'credits'}
2026-01-04 09:56:12,736 : INFO : Timer.attract_carousel_timer : Starting Timer.
2026-01-04 09:56:12,736 : INFO : EventManager : Event: ======'timer_attract_carousel_timer_started'====== Args={'ticks': 0, 'ticks_remaining': 1}
2026-01-04 09:56:12,736 : INFO : EventManager : Event: ======'timer_attract_carousel_timer_tick'====== Args={'ticks': 0, 'ticks_remaining': 1}
2026-01-04 09:56:20,237 : INFO : Timer.attract_carousel_timer : Timer Complete
2026-01-04 09:56:20,237 : INFO : Timer.attract_carousel_timer : Stopping Timer
2026-01-04 09:56:20,237 : INFO : EventManager : Event: ======'timer_attract_carousel_timer_stopped'====== Args={'ticks': 1, 'ticks_remaining': 1}
2026-01-04 09:56:20,237 : INFO : EventManager : Event: ======'timer_attract_carousel_timer_complete'====== Args={'ticks': 1, 'ticks_remaining': 1}
2026-01-04 09:56:20,237 : INFO : EventManager : Event: ======'carousel_item_highlighted'====== Args={'carousel': 'attract', 'direction': 'forwards', 'item': 'mpf_and_cobrapin_logo'}
2026-01-04 09:56:20,238 : INFO : Timer.attract_carousel_timer : Starting Timer.
2026-01-04 09:56:20,238 : INFO : EventManager : Event: ======'timer_attract_carousel_timer_started'====== Args={'ticks': 0, 'ticks_remaining': 1}
2026-01-04 09:56:20,238 : INFO : EventManager : Event: ======'timer_attract_carousel_timer_tick'====== Args={'ticks': 0, 'ticks_remaining': 1}
2026-01-04 09:56:27,739 : INFO : Timer.attract_carousel_timer : Timer Complete
2026-01-04 09:56:27,740 : INFO : Timer.attract_carousel_timer : Stopping Timer
2026-01-04 09:56:27,740 : INFO : EventManager : Event: ======'timer_attract_carousel_timer_stopped'====== Args={'ticks': 1, 'ticks_remaining': 1}
2026-01-04 09:56:27,740 : INFO : EventManager : Event: ======'timer_attract_carousel_timer_complete'====== Args={'ticks': 1, 'ticks_remaining': 1}
2026-01-04 09:56:27,740 : INFO : EventManager : Event: ======'carousel_item_highlighted'====== Args={'carousel': 'attract', 'direction': 'forwards', 'item': 'team_cherry'}
2026-01-04 09:56:27,740 : INFO : Timer.attract_carousel_timer : Starting Timer.
2026-01-04 09:56:27,740 : INFO : EventManager : Event: ======'timer_attract_carousel_timer_started'====== Args={'ticks': 0, 'ticks_remaining': 1}
2026-01-04 09:56:27,741 : INFO : EventManager : Event: ======'timer_attract_carousel_timer_tick'====== Args={'ticks': 0, 'ticks_remaining': 1}
2026-01-04 09:56:35,241 : INFO : Timer.attract_carousel_timer : Timer Complete
2026-01-04 09:56:35,242 : INFO : Timer.attract_carousel_timer : Stopping Timer
2026-01-04 09:56:35,242 : INFO : EventManager : Event: ======'timer_attract_carousel_timer_stopped'====== Args={'ticks': 1, 'ticks_remaining': 1}
2026-01-04 09:56:35,242 : INFO : EventManager : Event: ======'timer_attract_carousel_timer_complete'====== Args={'ticks': 1, 'ticks_remaining': 1}
2026-01-04 09:56:35,242 : INFO : EventManager : Event: ======'carousel_item_highlighted'====== Args={'carousel': 'attract', 'direction': 'forwards', 'item': 'last_scores_1p'}
2026-01-04 09:56:35,242 : INFO : Timer.attract_carousel_timer : Starting Timer.
2026-01-04 09:56:35,243 : INFO : EventManager : Event: ======'timer_attract_carousel_timer_started'====== Args={'ticks': 0, 'ticks_remaining': 1}
2026-01-04 09:56:35,243 : INFO : EventManager : Event: ======'timer_attract_carousel_timer_tick'====== Args={'ticks': 0, 'ticks_remaining': 1}
2026-01-04 09:56:42,743 : INFO : Timer.attract_carousel_timer : Timer Complete
2026-01-04 09:56:42,743 : INFO : Timer.attract_carousel_timer : Stopping Timer
2026-01-04 09:56:42,743 : INFO : EventManager : Event: ======'timer_attract_carousel_timer_stopped'====== Args={'ticks': 1, 'ticks_remaining': 1}
2026-01-04 09:56:42,744 : INFO : EventManager : Event: ======'timer_attract_carousel_timer_complete'====== Args={'ticks': 1, 'ticks_remaining': 1}
2026-01-04 09:56:42,744 : INFO : EventManager : Event: ======'carousel_item_highlighted'====== Args={'carousel': 'attract', 'direction': 'forwards', 'item': 'tutorial_slash'}
2026-01-04 09:56:42,744 : INFO : Timer.attract_carousel_timer : Starting Timer.
2026-01-04 09:56:42,745 : INFO : EventManager : Event: ======'timer_attract_carousel_timer_started'====== Args={'ticks': 0, 'ticks_remaining': 1}
2026-01-04 09:56:42,745 : INFO : EventManager : Event: ======'timer_attract_carousel_timer_tick'====== Args={'ticks': 0, 'ticks_remaining': 1}
2026-01-04 09:56:50,245 : INFO : Timer.attract_carousel_timer : Timer Complete
2026-01-04 09:56:50,245 : INFO : Timer.attract_carousel_timer : Stopping Timer
2026-01-04 09:56:50,245 : INFO : EventManager : Event: ======'timer_attract_carousel_timer_stopped'====== Args={'ticks': 1, 'ticks_remaining': 1}
2026-01-04 09:56:50,246 : INFO : EventManager : Event: ======'timer_attract_carousel_timer_complete'====== Args={'ticks': 1, 'ticks_remaining': 1}
2026-01-04 09:56:50,246 : INFO : EventManager : Event: ======'carousel_item_highlighted'====== Args={'carousel': 'attract', 'direction': 'forwards', 'item': 'tutorial_damage'}
2026-01-04 09:56:50,246 : INFO : Timer.attract_carousel_timer : Starting Timer.
2026-01-04 09:56:50,246 : INFO : EventManager : Event: ======'timer_attract_carousel_timer_started'====== Args={'ticks': 0, 'ticks_remaining': 1}
2026-01-04 09:56:50,246 : INFO : EventManager : Event: ======'timer_attract_carousel_timer_tick'====== Args={'ticks': 0, 'ticks_remaining': 1}
2026-01-04 09:56:57,747 : INFO : Timer.attract_carousel_timer : Timer Complete
2026-01-04 09:56:57,747 : INFO : Timer.attract_carousel_timer : Stopping Timer
2026-01-04 09:56:57,747 : INFO : EventManager : Event: ======'timer_attract_carousel_timer_stopped'====== Args={'ticks': 1, 'ticks_remaining': 1}
2026-01-04 09:56:57,747 : INFO : EventManager : Event: ======'timer_attract_carousel_timer_complete'====== Args={'ticks': 1, 'ticks_remaining': 1}
2026-01-04 09:56:57,748 : INFO : EventManager : Event: ======'carousel_item_highlighted'====== Args={'carousel': 'attract', 'direction': 'forwards', 'item': 'tutorial_dodge'}
2026-01-04 09:56:57,748 : INFO : Timer.attract_carousel_timer : Starting Timer.
2026-01-04 09:56:57,748 : INFO : EventManager : Event: ======'timer_attract_carousel_timer_started'====== Args={'ticks': 0, 'ticks_remaining': 1}
2026-01-04 09:56:57,748 : INFO : EventManager : Event: ======'timer_attract_carousel_timer_tick'====== Args={'ticks': 0, 'ticks_remaining': 1}
2026-01-04 09:57:05,249 : INFO : Timer.attract_carousel_timer : Timer Complete
2026-01-04 09:57:05,250 : INFO : Timer.attract_carousel_timer : Stopping Timer
2026-01-04 09:57:05,250 : INFO : EventManager : Event: ======'timer_attract_carousel_timer_stopped'====== Args={'ticks': 1, 'ticks_remaining': 1}
2026-01-04 09:57:05,250 : INFO : EventManager : Event: ======'timer_attract_carousel_timer_complete'====== Args={'ticks': 1, 'ticks_remaining': 1}
2026-01-04 09:57:05,250 : INFO : EventManager : Event: ======'carousel_item_highlighted'====== Args={'carousel': 'attract', 'direction': 'forwards', 'item': 'tutorial_heal'}
2026-01-04 09:57:05,251 : INFO : Timer.attract_carousel_timer : Starting Timer.
2026-01-04 09:57:05,251 : INFO : EventManager : Event: ======'timer_attract_carousel_timer_started'====== Args={'ticks': 0, 'ticks_remaining': 1}
2026-01-04 09:57:05,251 : INFO : EventManager : Event: ======'timer_attract_carousel_timer_tick'====== Args={'ticks': 0, 'ticks_remaining': 1}
2026-01-04 09:57:12,751 : INFO : Timer.attract_carousel_timer : Timer Complete
2026-01-04 09:57:12,751 : INFO : Timer.attract_carousel_timer : Stopping Timer
2026-01-04 09:57:12,751 : INFO : EventManager : Event: ======'timer_attract_carousel_timer_stopped'====== Args={'ticks': 1, 'ticks_remaining': 1}
2026-01-04 09:57:12,751 : INFO : EventManager : Event: ======'timer_attract_carousel_timer_complete'====== Args={'ticks': 1, 'ticks_remaining': 1}
2026-01-04 09:57:12,752 : INFO : EventManager : Event: ======'carousel_item_highlighted'====== Args={'carousel': 'attract', 'direction': 'forwards', 'item': 'title'}
2026-01-04 09:57:12,752 : INFO : Timer.attract_carousel_timer : Starting Timer.
2026-01-04 09:57:12,752 : INFO : EventManager : Event: ======'timer_attract_carousel_timer_started'====== Args={'ticks': 0, 'ticks_remaining': 1}
2026-01-04 09:57:12,752 : INFO : EventManager : Event: ======'timer_attract_carousel_timer_tick'====== Args={'ticks': 0, 'ticks_remaining': 1}
2026-01-04 09:57:20,254 : INFO : Timer.attract_carousel_timer : Timer Complete
2026-01-04 09:57:20,254 : INFO : Timer.attract_carousel_timer : Stopping Timer
2026-01-04 09:57:20,254 : INFO : EventManager : Event: ======'timer_attract_carousel_timer_stopped'====== Args={'ticks': 1, 'ticks_remaining': 1}
2026-01-04 09:57:20,254 : INFO : EventManager : Event: ======'timer_attract_carousel_timer_complete'====== Args={'ticks': 1, 'ticks_remaining': 1}
2026-01-04 09:57:20,254 : INFO : EventManager : Event: ======'carousel_item_highlighted'====== Args={'carousel': 'attract', 'direction': 'forwards', 'item': 'map'}
2026-01-04 09:57:20,255 : INFO : Timer.attract_carousel_timer : Starting Timer.
2026-01-04 09:57:20,255 : INFO : EventManager : Event: ======'timer_attract_carousel_timer_started'====== Args={'ticks': 0, 'ticks_remaining': 1}
2026-01-04 09:57:20,255 : INFO : EventManager : Event: ======'timer_attract_carousel_timer_tick'====== Args={'ticks': 0, 'ticks_remaining': 1}
2026-01-04 09:57:27,757 : INFO : Timer.attract_carousel_timer : Timer Complete
2026-01-04 09:57:27,757 : INFO : Timer.attract_carousel_timer : Stopping Timer
2026-01-04 09:57:27,757 : INFO : EventManager : Event: ======'timer_attract_carousel_timer_stopped'====== Args={'ticks': 1, 'ticks_remaining': 1}
2026-01-04 09:57:27,757 : INFO : EventManager : Event: ======'timer_attract_carousel_timer_complete'====== Args={'ticks': 1, 'ticks_remaining': 1}
2026-01-04 09:57:27,758 : INFO : EventManager : Event: ======'carousel_item_highlighted'====== Args={'carousel': 'attract', 'direction': 'forwards', 'item': 'credits'}
2026-01-04 09:57:27,758 : INFO : Timer.attract_carousel_timer : Starting Timer.
2026-01-04 09:57:27,758 : INFO : EventManager : Event: ======'timer_attract_carousel_timer_started'====== Args={'ticks': 0, 'ticks_remaining': 1}
2026-01-04 09:57:27,758 : INFO : EventManager : Event: ======'timer_attract_carousel_timer_tick'====== Args={'ticks': 0, 'ticks_remaining': 1}
2026-01-04 09:57:35,259 : INFO : Timer.attract_carousel_timer : Timer Complete
2026-01-04 09:57:35,259 : INFO : Timer.attract_carousel_timer : Stopping Timer
2026-01-04 09:57:35,259 : INFO : EventManager : Event: ======'timer_attract_carousel_timer_stopped'====== Args={'ticks': 1, 'ticks_remaining': 1}
2026-01-04 09:57:35,260 : INFO : EventManager : Event: ======'timer_attract_carousel_timer_complete'====== Args={'ticks': 1, 'ticks_remaining': 1}
2026-01-04 09:57:35,260 : INFO : EventManager : Event: ======'carousel_item_highlighted'====== Args={'carousel': 'attract', 'direction': 'forwards', 'item': 'mpf_and_cobrapin_logo'}
2026-01-04 09:57:35,260 : INFO : Timer.attract_carousel_timer : Starting Timer.
2026-01-04 09:57:35,260 : INFO : EventManager : Event: ======'timer_attract_carousel_timer_started'====== Args={'ticks': 0, 'ticks_remaining': 1}
2026-01-04 09:57:35,261 : INFO : EventManager : Event: ======'timer_attract_carousel_timer_tick'====== Args={'ticks': 0, 'ticks_remaining': 1}
2026-01-04 09:57:42,762 : INFO : Timer.attract_carousel_timer : Timer Complete
2026-01-04 09:57:42,762 : INFO : Timer.attract_carousel_timer : Stopping Timer
2026-01-04 09:57:42,762 : INFO : EventManager : Event: ======'timer_attract_carousel_timer_stopped'====== Args={'ticks': 1, 'ticks_remaining': 1}
2026-01-04 09:57:42,762 : INFO : EventManager : Event: ======'timer_attract_carousel_timer_complete'====== Args={'ticks': 1, 'ticks_remaining': 1}
2026-01-04 09:57:42,762 : INFO : EventManager : Event: ======'carousel_item_highlighted'====== Args={'carousel': 'attract', 'direction': 'forwards', 'item': 'team_cherry'}
2026-01-04 09:57:42,763 : INFO : Timer.attract_carousel_timer : Starting Timer.
2026-01-04 09:57:42,763 : INFO : EventManager : Event: ======'timer_attract_carousel_timer_started'====== Args={'ticks': 0, 'ticks_remaining': 1}
2026-01-04 09:57:42,763 : INFO : EventManager : Event: ======'timer_attract_carousel_timer_tick'====== Args={'ticks': 0, 'ticks_remaining': 1}
2026-01-04 09:57:50,263 : INFO : Timer.attract_carousel_timer : Timer Complete
2026-01-04 09:57:50,263 : INFO : Timer.attract_carousel_timer : Stopping Timer
2026-01-04 09:57:50,263 : INFO : EventManager : Event: ======'timer_attract_carousel_timer_stopped'====== Args={'ticks': 1, 'ticks_remaining': 1}
2026-01-04 09:57:50,263 : INFO : EventManager : Event: ======'timer_attract_carousel_timer_complete'====== Args={'ticks': 1, 'ticks_remaining': 1}
2026-01-04 09:57:50,264 : INFO : EventManager : Event: ======'carousel_item_highlighted'====== Args={'carousel': 'attract', 'direction': 'forwards', 'item': 'last_scores_1p'}
2026-01-04 09:57:50,264 : INFO : Timer.attract_carousel_timer : Starting Timer.
2026-01-04 09:57:50,264 : INFO : EventManager : Event: ======'timer_attract_carousel_timer_started'====== Args={'ticks': 0, 'ticks_remaining': 1}
2026-01-04 09:57:50,264 : INFO : EventManager : Event: ======'timer_attract_carousel_timer_tick'====== Args={'ticks': 0, 'ticks_remaining': 1}
2026-01-04 09:57:57,765 : INFO : Timer.attract_carousel_timer : Timer Complete
2026-01-04 09:57:57,765 : INFO : Timer.attract_carousel_timer : Stopping Timer
2026-01-04 09:57:57,765 : INFO : EventManager : Event: ======'timer_attract_carousel_timer_stopped'====== Args={'ticks': 1, 'ticks_remaining': 1}
2026-01-04 09:57:57,765 : INFO : EventManager : Event: ======'timer_attract_carousel_timer_complete'====== Args={'ticks': 1, 'ticks_remaining': 1}
2026-01-04 09:57:57,766 : INFO : EventManager : Event: ======'carousel_item_highlighted'====== Args={'carousel': 'attract', 'direction': 'forwards', 'item': 'tutorial_slash'}
2026-01-04 09:57:57,766 : INFO : Timer.attract_carousel_timer : Starting Timer.
2026-01-04 09:57:57,766 : INFO : EventManager : Event: ======'timer_attract_carousel_timer_started'====== Args={'ticks': 0, 'ticks_remaining': 1}
2026-01-04 09:57:57,766 : INFO : EventManager : Event: ======'timer_attract_carousel_timer_tick'====== Args={'ticks': 0, 'ticks_remaining': 1}
2026-01-04 09:58:05,269 : INFO : Timer.attract_carousel_timer : Timer Complete
2026-01-04 09:58:05,269 : INFO : Timer.attract_carousel_timer : Stopping Timer
2026-01-04 09:58:05,269 : INFO : EventManager : Event: ======'timer_attract_carousel_timer_stopped'====== Args={'ticks': 1, 'ticks_remaining': 1}
2026-01-04 09:58:05,269 : INFO : EventManager : Event: ======'timer_attract_carousel_timer_complete'====== Args={'ticks': 1, 'ticks_remaining': 1}
2026-01-04 09:58:05,269 : INFO : EventManager : Event: ======'carousel_item_highlighted'====== Args={'carousel': 'attract', 'direction': 'forwards', 'item': 'tutorial_damage'}
2026-01-04 09:58:05,270 : INFO : Timer.attract_carousel_timer : Starting Timer.
2026-01-04 09:58:05,270 : INFO : EventManager : Event: ======'timer_attract_carousel_timer_started'====== Args={'ticks': 0, 'ticks_remaining': 1}
2026-01-04 09:58:05,270 : INFO : EventManager : Event: ======'timer_attract_carousel_timer_tick'====== Args={'ticks': 0, 'ticks_remaining': 1}
2026-01-04 09:58:12,770 : INFO : Timer.attract_carousel_timer : Timer Complete
2026-01-04 09:58:12,770 : INFO : Timer.attract_carousel_timer : Stopping Timer
2026-01-04 09:58:12,770 : INFO : EventManager : Event: ======'timer_attract_carousel_timer_stopped'====== Args={'ticks': 1, 'ticks_remaining': 1}
2026-01-04 09:58:12,770 : INFO : EventManager : Event: ======'timer_attract_carousel_timer_complete'====== Args={'ticks': 1, 'ticks_remaining': 1}
2026-01-04 09:58:12,770 : INFO : EventManager : Event: ======'carousel_item_highlighted'====== Args={'carousel': 'attract', 'direction': 'forwards', 'item': 'tutorial_dodge'}
2026-01-04 09:58:12,771 : INFO : Timer.attract_carousel_timer : Starting Timer.
2026-01-04 09:58:12,771 : INFO : EventManager : Event: ======'timer_attract_carousel_timer_started'====== Args={'ticks': 0, 'ticks_remaining': 1}
2026-01-04 09:58:12,771 : INFO : EventManager : Event: ======'timer_attract_carousel_timer_tick'====== Args={'ticks': 0, 'ticks_remaining': 1}
2026-01-04 09:58:20,272 : INFO : Timer.attract_carousel_timer : Timer Complete
2026-01-04 09:58:20,272 : INFO : Timer.attract_carousel_timer : Stopping Timer
2026-01-04 09:58:20,272 : INFO : EventManager : Event: ======'timer_attract_carousel_timer_stopped'====== Args={'ticks': 1, 'ticks_remaining': 1}
2026-01-04 09:58:20,272 : INFO : EventManager : Event: ======'timer_attract_carousel_timer_complete'====== Args={'ticks': 1, 'ticks_remaining': 1}
2026-01-04 09:58:20,273 : INFO : EventManager : Event: ======'carousel_item_highlighted'====== Args={'carousel': 'attract', 'direction': 'forwards', 'item': 'tutorial_heal'}
2026-01-04 09:58:20,273 : INFO : Timer.attract_carousel_timer : Starting Timer.
2026-01-04 09:58:20,273 : INFO : EventManager : Event: ======'timer_attract_carousel_timer_started'====== Args={'ticks': 0, 'ticks_remaining': 1}
2026-01-04 09:58:20,273 : INFO : EventManager : Event: ======'timer_attract_carousel_timer_tick'====== Args={'ticks': 0, 'ticks_remaining': 1}
2026-01-04 09:58:27,774 : INFO : Timer.attract_carousel_timer : Timer Complete
2026-01-04 09:58:27,774 : INFO : Timer.attract_carousel_timer : Stopping Timer
2026-01-04 09:58:27,775 : INFO : EventManager : Event: ======'timer_attract_carousel_timer_stopped'====== Args={'ticks': 1, 'ticks_remaining': 1}
2026-01-04 09:58:27,775 : INFO : EventManager : Event: ======'timer_attract_carousel_timer_complete'====== Args={'ticks': 1, 'ticks_remaining': 1}
2026-01-04 09:58:27,775 : INFO : EventManager : Event: ======'carousel_item_highlighted'====== Args={'carousel': 'attract', 'direction': 'forwards', 'item': 'title'}
2026-01-04 09:58:27,775 : INFO : Timer.attract_carousel_timer : Starting Timer.
2026-01-04 09:58:27,775 : INFO : EventManager : Event: ======'timer_attract_carousel_timer_started'====== Args={'ticks': 0, 'ticks_remaining': 1}
2026-01-04 09:58:27,775 : INFO : EventManager : Event: ======'timer_attract_carousel_timer_tick'====== Args={'ticks': 0, 'ticks_remaining': 1}
2026-01-04 09:58:35,276 : INFO : Timer.attract_carousel_timer : Timer Complete
2026-01-04 09:58:35,276 : INFO : Timer.attract_carousel_timer : Stopping Timer
2026-01-04 09:58:35,276 : INFO : EventManager : Event: ======'timer_attract_carousel_timer_stopped'====== Args={'ticks': 1, 'ticks_remaining': 1}
2026-01-04 09:58:35,276 : INFO : EventManager : Event: ======'timer_attract_carousel_timer_complete'====== Args={'ticks': 1, 'ticks_remaining': 1}
2026-01-04 09:58:35,277 : INFO : EventManager : Event: ======'carousel_item_highlighted'====== Args={'carousel': 'attract', 'direction': 'forwards', 'item': 'map'}
2026-01-04 09:58:35,277 : INFO : Timer.attract_carousel_timer : Starting Timer.
2026-01-04 09:58:35,277 : INFO : EventManager : Event: ======'timer_attract_carousel_timer_started'====== Args={'ticks': 0, 'ticks_remaining': 1}
2026-01-04 09:58:35,277 : INFO : EventManager : Event: ======'timer_attract_carousel_timer_tick'====== Args={'ticks': 0, 'ticks_remaining': 1}
2026-01-04 09:58:42,778 : INFO : Timer.attract_carousel_timer : Timer Complete
2026-01-04 09:58:42,778 : INFO : Timer.attract_carousel_timer : Stopping Timer
2026-01-04 09:58:42,778 : INFO : EventManager : Event: ======'timer_attract_carousel_timer_stopped'====== Args={'ticks': 1, 'ticks_remaining': 1}
2026-01-04 09:58:42,778 : INFO : EventManager : Event: ======'timer_attract_carousel_timer_complete'====== Args={'ticks': 1, 'ticks_remaining': 1}
2026-01-04 09:58:42,779 : INFO : EventManager : Event: ======'carousel_item_highlighted'====== Args={'carousel': 'attract', 'direction': 'forwards', 'item': 'credits'}
2026-01-04 09:58:42,779 : INFO : Timer.attract_carousel_timer : Starting Timer.
2026-01-04 09:58:42,779 : INFO : EventManager : Event: ======'timer_attract_carousel_timer_started'====== Args={'ticks': 0, 'ticks_remaining': 1}
2026-01-04 09:58:42,779 : INFO : EventManager : Event: ======'timer_attract_carousel_timer_tick'====== Args={'ticks': 0, 'ticks_remaining': 1}
2026-01-04 09:58:50,279 : INFO : Timer.attract_carousel_timer : Timer Complete
2026-01-04 09:58:50,280 : INFO : Timer.attract_carousel_timer : Stopping Timer
2026-01-04 09:58:50,280 : INFO : EventManager : Event: ======'timer_attract_carousel_timer_stopped'====== Args={'ticks': 1, 'ticks_remaining': 1}
2026-01-04 09:58:50,280 : INFO : EventManager : Event: ======'timer_attract_carousel_timer_complete'====== Args={'ticks': 1, 'ticks_remaining': 1}
2026-01-04 09:58:50,280 : INFO : EventManager : Event: ======'carousel_item_highlighted'====== Args={'carousel': 'attract', 'direction': 'forwards', 'item': 'mpf_and_cobrapin_logo'}
2026-01-04 09:58:50,280 : INFO : Timer.attract_carousel_timer : Starting Timer.
2026-01-04 09:58:50,281 : INFO : EventManager : Event: ======'timer_attract_carousel_timer_started'====== Args={'ticks': 0, 'ticks_remaining': 1}
2026-01-04 09:58:50,281 : INFO : EventManager : Event: ======'timer_attract_carousel_timer_tick'====== Args={'ticks': 0, 'ticks_remaining': 1}
2026-01-04 09:58:57,783 : INFO : Timer.attract_carousel_timer : Timer Complete
2026-01-04 09:58:57,783 : INFO : Timer.attract_carousel_timer : Stopping Timer
2026-01-04 09:58:57,783 : INFO : EventManager : Event: ======'timer_attract_carousel_timer_stopped'====== Args={'ticks': 1, 'ticks_remaining': 1}
2026-01-04 09:58:57,783 : INFO : EventManager : Event: ======'timer_attract_carousel_timer_complete'====== Args={'ticks': 1, 'ticks_remaining': 1}
2026-01-04 09:58:57,784 : INFO : EventManager : Event: ======'carousel_item_highlighted'====== Args={'carousel': 'attract', 'direction': 'forwards', 'item': 'team_cherry'}
2026-01-04 09:58:57,784 : INFO : Timer.attract_carousel_timer : Starting Timer.
2026-01-04 09:58:57,784 : INFO : EventManager : Event: ======'timer_attract_carousel_timer_started'====== Args={'ticks': 0, 'ticks_remaining': 1}
2026-01-04 09:58:57,784 : INFO : EventManager : Event: ======'timer_attract_carousel_timer_tick'====== Args={'ticks': 0, 'ticks_remaining': 1}
2026-01-04 09:59:05,285 : INFO : Timer.attract_carousel_timer : Timer Complete
2026-01-04 09:59:05,285 : INFO : Timer.attract_carousel_timer : Stopping Timer
2026-01-04 09:59:05,285 : INFO : EventManager : Event: ======'timer_attract_carousel_timer_stopped'====== Args={'ticks': 1, 'ticks_remaining': 1}
2026-01-04 09:59:05,285 : INFO : EventManager : Event: ======'timer_attract_carousel_timer_complete'====== Args={'ticks': 1, 'ticks_remaining': 1}
2026-01-04 09:59:05,286 : INFO : EventManager : Event: ======'carousel_item_highlighted'====== Args={'carousel': 'attract', 'direction': 'forwards', 'item': 'last_scores_1p'}
2026-01-04 09:59:05,286 : INFO : Timer.attract_carousel_timer : Starting Timer.
2026-01-04 09:59:05,286 : INFO : EventManager : Event: ======'timer_attract_carousel_timer_started'====== Args={'ticks': 0, 'ticks_remaining': 1}
2026-01-04 09:59:05,286 : INFO : EventManager : Event: ======'timer_attract_carousel_timer_tick'====== Args={'ticks': 0, 'ticks_remaining': 1}
2026-01-04 09:59:12,782 : INFO : Timer.attract_carousel_timer : Timer Complete
2026-01-04 09:59:12,782 : INFO : Timer.attract_carousel_timer : Stopping Timer
2026-01-04 09:59:12,782 : INFO : EventManager : Event: ======'timer_attract_carousel_timer_stopped'====== Args={'ticks': 1, 'ticks_remaining': 1}
2026-01-04 09:59:12,782 : INFO : EventManager : Event: ======'timer_attract_carousel_timer_complete'====== Args={'ticks': 1, 'ticks_remaining': 1}
2026-01-04 09:59:12,783 : INFO : EventManager : Event: ======'carousel_item_highlighted'====== Args={'carousel': 'attract', 'direction': 'forwards', 'item': 'tutorial_slash'}
2026-01-04 09:59:12,783 : INFO : Timer.attract_carousel_timer : Starting Timer.
2026-01-04 09:59:12,783 : INFO : EventManager : Event: ======'timer_attract_carousel_timer_started'====== Args={'ticks': 0, 'ticks_remaining': 1}
2026-01-04 09:59:12,783 : INFO : EventManager : Event: ======'timer_attract_carousel_timer_tick'====== Args={'ticks': 0, 'ticks_remaining': 1}
2026-01-04 09:59:20,276 : INFO : Timer.attract_carousel_timer : Timer Complete
2026-01-04 09:59:20,276 : INFO : Timer.attract_carousel_timer : Stopping Timer
2026-01-04 09:59:20,276 : INFO : EventManager : Event: ======'timer_attract_carousel_timer_stopped'====== Args={'ticks': 1, 'ticks_remaining': 1}
2026-01-04 09:59:20,276 : INFO : EventManager : Event: ======'timer_attract_carousel_timer_complete'====== Args={'ticks': 1, 'ticks_remaining': 1}
2026-01-04 09:59:20,276 : INFO : EventManager : Event: ======'carousel_item_highlighted'====== Args={'carousel': 'attract', 'direction': 'forwards', 'item': 'tutorial_damage'}
2026-01-04 09:59:20,276 : INFO : Timer.attract_carousel_timer : Starting Timer.
2026-01-04 09:59:20,276 : INFO : EventManager : Event: ======'timer_attract_carousel_timer_started'====== Args={'ticks': 0, 'ticks_remaining': 1}
2026-01-04 09:59:20,276 : INFO : EventManager : Event: ======'timer_attract_carousel_timer_tick'====== Args={'ticks': 0, 'ticks_remaining': 1}
2026-01-04 09:59:27,772 : INFO : Timer.attract_carousel_timer : Timer Complete
2026-01-04 09:59:27,773 : INFO : Timer.attract_carousel_timer : Stopping Timer
2026-01-04 09:59:27,773 : INFO : EventManager : Event: ======'timer_attract_carousel_timer_stopped'====== Args={'ticks': 1, 'ticks_remaining': 1}
2026-01-04 09:59:27,773 : INFO : EventManager : Event: ======'timer_attract_carousel_timer_complete'====== Args={'ticks': 1, 'ticks_remaining': 1}
2026-01-04 09:59:27,773 : INFO : EventManager : Event: ======'carousel_item_highlighted'====== Args={'carousel': 'attract', 'direction': 'forwards', 'item': 'tutorial_dodge'}
2026-01-04 09:59:27,774 : INFO : Timer.attract_carousel_timer : Starting Timer.
2026-01-04 09:59:27,774 : INFO : EventManager : Event: ======'timer_attract_carousel_timer_started'====== Args={'ticks': 0, 'ticks_remaining': 1}
2026-01-04 09:59:27,774 : INFO : EventManager : Event: ======'timer_attract_carousel_timer_tick'====== Args={'ticks': 0, 'ticks_remaining': 1}
2026-01-04 09:59:32,507 : WARNING : OPP : Serial error: read failed: [Errno 6] Device not configured
2026-01-04 09:59:32,507 : INFO : EventManager : Event: ======'serial_error'====== Args={}
2026-01-04 09:59:32,754 : WARNING : OPP : Poll took more than 250.0ms for 1
2026-01-04 09:59:32,755 : ERROR : asyncio : Exception in callback Util.raise_exceptions() at /Users/samhughes/mpf/lib/python3.13/site-packages/mpf/core/utility_functions.py:789
handle: <Handle Util.raise_exceptions() at /Users/samhughes/mpf/lib/python3.13/site-packages/mpf/core/utility_functions.py:789>
Traceback (most recent call last):
  File "/Users/samhughes/mpf/lib/python3.13/site-packages/serial/serialposix.py", line 575, in read
    buf = os.read(self.fd, size - len(read))
OSError: [Errno 6] Device not configured

During handling of the above exception, another exception occurred:

Traceback (most recent call last):
  File "/Library/Frameworks/Python.framework/Versions/3.13/lib/python3.13/asyncio/events.py", line 89, in _run
    self._context.run(self._callback, *self._args)
    ~~~~~~~~~~~~~~~~~^^^^^^^^^^^^^^^^^^^^^^^^^^^^^
  File "/Users/samhughes/mpf/lib/python3.13/site-packages/mpf/core/utility_functions.py", line 797, in raise_exceptions
    future.result()
    ~~~~~~~~~~~~~^^
  File "/Users/samhughes/mpf/lib/python3.13/site-packages/mpf/platforms/opp/opp.py", line 969, in _poll_sender
    await self.opp_connection[chain_serial].writer.drain()
  File "/Library/Frameworks/Python.framework/Versions/3.13/lib/python3.13/asyncio/streams.py", line 374, in drain
    raise exc
  File "/Users/samhughes/mpf/lib/python3.13/site-packages/mpf/platforms/base_serial_communicator.py", line 117, in read
    resp = await self.reader.read(n)
           ^^^^^^^^^^^^^^^^^^^^^^^^^
  File "/Library/Frameworks/Python.framework/Versions/3.13/lib/python3.13/asyncio/streams.py", line 730, in read
    await self._wait_for_data('read')
  File "/Library/Frameworks/Python.framework/Versions/3.13/lib/python3.13/asyncio/streams.py", line 539, in _wait_for_data
    await self._waiter
  File "/Users/samhughes/mpf/lib/python3.13/site-packages/serial_asyncio/__init__.py", line 115, in _read_ready
    data = self._serial.read(self._max_read_size)
  File "/Users/samhughes/mpf/lib/python3.13/site-packages/serial/serialposix.py", line 581, in read
    raise SerialException('read failed: {}'.format(e))
serial.serialutil.SerialException: read failed: [Errno 6] Device not configured
2026-01-04 09:59:32,774 : INFO : Machine : Shutting down...
2026-01-04 09:59:32,775 : INFO : EventManager : Event: ======'shutdown'====== Args={}
2026-01-04 09:59:32,777 : ERROR : OPP : Stop called on serial connection /dev/cu.usbmodem4E7B377B48001
2026-01-04 09:59:32,779 : ERROR : OPP : Stop called on serial connection /dev/cu.usbmodem5678485D30001
2026-01-04 09:59:32,780 : ERROR : root : read failed: [Errno 6] Device not configured
Traceback (most recent call last):
  File "/Users/samhughes/mpf/lib/python3.13/site-packages/serial/serialposix.py", line 575, in read
    buf = os.read(self.fd, size - len(read))
OSError: [Errno 6] Device not configured

During handling of the above exception, another exception occurred:

Traceback (most recent call last):
  File "/Users/samhughes/mpf/lib/python3.13/site-packages/mpf/commands/game.py", line 229, in __init__
    self.machine.run()
    ~~~~~~~~~~~~~~~~^^
  File "/Users/samhughes/mpf/lib/python3.13/site-packages/mpf/core/machine.py", line 706, in run
    self._run_loop()
    ~~~~~~~~~~~~~~^^
  File "/Users/samhughes/mpf/lib/python3.13/site-packages/mpf/core/machine.py", line 806, in _run_loop
    self._crash_shutdown()
    ~~~~~~~~~~~~~~~~~~~~^^
  File "/Users/samhughes/mpf/lib/python3.13/site-packages/mpf/core/machine.py", line 751, in _crash_shutdown
    self._do_stop()
    ~~~~~~~~~~~~~^^
  File "/Users/samhughes/mpf/lib/python3.13/site-packages/mpf/core/machine.py", line 742, in _do_stop
    self.shutdown()
    ~~~~~~~~~~~~~^^
  File "/Users/samhughes/mpf/lib/python3.13/site-packages/mpf/core/machine.py", line 772, in shutdown
    self._platform_stop()
    ~~~~~~~~~~~~~~~~~~~^^
  File "/Users/samhughes/mpf/lib/python3.13/site-packages/mpf/core/machine.py", line 822, in _platform_stop
    hardware_platform.stop()
    ~~~~~~~~~~~~~~~~~~~~~~^^
  File "/Users/samhughes/mpf/lib/python3.13/site-packages/mpf/platforms/opp/opp.py", line 195, in stop
    connections.stop()
    ~~~~~~~~~~~~~~~~^^
  File "/Users/samhughes/mpf/lib/python3.13/site-packages/mpf/platforms/base_serial_communicator.py", line 149, in stop
    self.machine.clock.loop.run_until_complete(self.writer.wait_closed())
    ~~~~~~~~~~~~~~~~~~~~~~~~~~~~~~~~~~~~~~~~~~^^^^^^^^^^^^^^^^^^^^^^^^^^^
  File "/Library/Frameworks/Python.framework/Versions/3.13/lib/python3.13/asyncio/base_events.py", line 725, in run_until_complete
    return future.result()
           ~~~~~~~~~~~~~^^
  File "/Library/Frameworks/Python.framework/Versions/3.13/lib/python3.13/asyncio/streams.py", line 358, in wait_closed
    await self._protocol._get_close_waiter(self)
  File "/Users/samhughes/mpf/lib/python3.13/site-packages/serial_asyncio/__init__.py", line 115, in _read_ready
    data = self._serial.read(self._max_read_size)
  File "/Users/samhughes/mpf/lib/python3.13/site-packages/serial/serialposix.py", line 581, in read
    raise SerialException('read failed: {}'.format(e))
serial.serialutil.SerialException: read failed: [Errno 6] Device not configured
