2026-07-02 21:28:58,948 : INFO : root : Loading config.
2026-07-02 21:28:58,950 : INFO : YamlMultifileConfigLoader : Machine config file #1: config.yaml
2026-07-02 21:28:58,950 : INFO : ConfigProcessor : Loading config from cache: /var/folders/k0/j_dpx55x4kndbs36pl2nt9l00000gn/T/92f7f295141fbdde09e201e7fd0f1349.mpf_cache
2026-07-02 21:28:58,981 : INFO : ConfigProcessor : Loading config from cache: /var/folders/k0/j_dpx55x4kndbs36pl2nt9l00000gn/T/7b77bdcd1da4c54cc720d492bab55a0d.mpf_cache
2026-07-02 21:28:58,981 : INFO : ConfigProcessor : Loading config from cache: /var/folders/k0/j_dpx55x4kndbs36pl2nt9l00000gn/T/501e18c1625d42f1ba9bf53b020c49c5.mpf_cache
2026-07-02 21:28:58,981 : INFO : ConfigProcessor : Loading config from cache: /var/folders/k0/j_dpx55x4kndbs36pl2nt9l00000gn/T/7b77bdcd1da4c54cc720d492bab55a0d.mpf_cache
2026-07-02 21:28:58,983 : INFO : ConfigProcessor : Loading config from cache: /var/folders/k0/j_dpx55x4kndbs36pl2nt9l00000gn/T/dda6f4da00898f9f0a4796a41d9a2ef0.mpf_cache
2026-07-02 21:28:58,983 : INFO : ConfigProcessor : Loading config from cache: /var/folders/k0/j_dpx55x4kndbs36pl2nt9l00000gn/T/522fc819f659907ecbd91e12554f307a.mpf_cache
2026-07-02 21:28:58,983 : INFO : ConfigProcessor : Loading config from cache: /var/folders/k0/j_dpx55x4kndbs36pl2nt9l00000gn/T/05e9cee2d62266bbcd3eb3df28f11ba0.mpf_cache
2026-07-02 21:28:58,983 : INFO : ConfigProcessor : Loading config from cache: /var/folders/k0/j_dpx55x4kndbs36pl2nt9l00000gn/T/a751b7622f38b4d73d2da25b66d734b1.mpf_cache
2026-07-02 21:28:58,983 : INFO : ConfigProcessor : Loading config from cache: /var/folders/k0/j_dpx55x4kndbs36pl2nt9l00000gn/T/515d12d22bfc89771946156b9f4733e7.mpf_cache
2026-07-02 21:28:58,983 : INFO : ConfigProcessor : Loading config from cache: /var/folders/k0/j_dpx55x4kndbs36pl2nt9l00000gn/T/3db5df4db04e3e0d951f803bb6fa84e6.mpf_cache
2026-07-02 21:28:58,984 : INFO : ConfigProcessor : Loading config from cache: /var/folders/k0/j_dpx55x4kndbs36pl2nt9l00000gn/T/3572cafb19834c572118c1dfbec55588.mpf_cache
2026-07-02 21:28:58,984 : INFO : ConfigProcessor : Loading config from cache: /var/folders/k0/j_dpx55x4kndbs36pl2nt9l00000gn/T/39b20d9bce0c2f44f75a85f57a0d45f4.mpf_cache
2026-07-02 21:28:58,985 : INFO : ConfigProcessor : Loading config from cache: /var/folders/k0/j_dpx55x4kndbs36pl2nt9l00000gn/T/189edcb2679eb1788c8ca3be3e29f2f1.mpf_cache
2026-07-02 21:28:58,986 : INFO : ConfigProcessor : Loading config from cache: /var/folders/k0/j_dpx55x4kndbs36pl2nt9l00000gn/T/f00019ffccce993d2850c9d82b9dc44e.mpf_cache
2026-07-02 21:28:58,986 : INFO : ConfigProcessor : Loading config from cache: /var/folders/k0/j_dpx55x4kndbs36pl2nt9l00000gn/T/14560612c17bb039b05632d29f192033.mpf_cache
2026-07-02 21:28:58,987 : INFO : ConfigProcessor : Loading config from cache: /var/folders/k0/j_dpx55x4kndbs36pl2nt9l00000gn/T/1b88d79160cc8850354d058f9a270569.mpf_cache
2026-07-02 21:28:58,987 : INFO : ConfigProcessor : Loading config from cache: /var/folders/k0/j_dpx55x4kndbs36pl2nt9l00000gn/T/db143814423fb474166c86cac053d40c.mpf_cache
2026-07-02 21:28:58,988 : INFO : ConfigProcessor : Loading config from cache: /var/folders/k0/j_dpx55x4kndbs36pl2nt9l00000gn/T/77ecd758607ea296c19f456a8642983d.mpf_cache
2026-07-02 21:28:58,988 : INFO : ConfigProcessor : Loading config from cache: /var/folders/k0/j_dpx55x4kndbs36pl2nt9l00000gn/T/7c3641fae2b7003d26f031771405f733.mpf_cache
2026-07-02 21:28:58,988 : INFO : ConfigProcessor : Loading config from cache: /var/folders/k0/j_dpx55x4kndbs36pl2nt9l00000gn/T/fb7f263f29c0f8af46e6dfce6099ce86.mpf_cache
2026-07-02 21:28:58,988 : INFO : ConfigProcessor : Loading config from cache: /var/folders/k0/j_dpx55x4kndbs36pl2nt9l00000gn/T/8ec02d334e515a6774c1da6355f69b0a.mpf_cache
2026-07-02 21:28:58,989 : INFO : Machine : Mission Pinball Framework Core Engine v0.81.0.dev2
2026-07-02 21:28:58,989 : INFO : Machine : Command line arguments: {'no_load_cache': False, 'create_config_cache': True, 'bcp': True, 'configfile': ['config.yaml'], 'force_assets_load': False, 'platform_integration_test': False, 'jsonlogging': False, 'logfile': 'logs/2026-07-02-21-28-58-mpf-Mac.lan.log', 'pause': False, 'production': False, 'text_ui': False, 'loglevel': 15, 'consoleloglevel': 20, 'force_platform': 'smart_virtual', 'syslog_address': None, 'full_logfile_path': '/Users/samhughes/Desktop/Hollow-Knight-Pinball/logs/2026-07-02-21-28-58-mpf-Mac.lan.log'}
2026-07-02 21:28:58,989 : INFO : Machine : MPF path: /Users/samhughes/mpf/lib/python3.13/site-packages/mpf
2026-07-02 21:28:58,989 : INFO : Machine : Machine path: /Users/samhughes/Desktop/Hollow-Knight-Pinball
2026-07-02 21:28:58,989 : INFO : Machine : Platform: darwin
2026-07-02 21:28:58,989 : INFO : Machine : Python executable location: /Users/samhughes/mpf/bin/python3.13
2026-07-02 21:28:58,989 : INFO : Machine : Python version: 3.13.2 (64-bit)
2026-07-02 21:28:58,989 : INFO : Machine : Initializing MPF...
2026-07-02 21:28:59,022 : INFO : EventManager : Event: ======'machine_var_credits_string'====== Args={'value': 'FREE PLAY', 'prev_value': None, 'change': True}
2026-07-02 21:28:59,029 : INFO : EventManager : Event: ======'machine_var_master_volume'====== Args={'value': 0.5, 'prev_value': None, 'change': True}
2026-07-02 21:28:59,029 : INFO : EventManager : Event: ======'machine_var_player1_score'====== Args={'value': 81940, 'prev_value': None, 'change': True}
2026-07-02 21:28:59,029 : INFO : EventManager : Event: ======'machine_var_mpf_version'====== Args={'value': 'Mission Pinball Framework v0.81.0.dev2', 'prev_value': None, 'change': True}
2026-07-02 21:28:59,029 : INFO : EventManager : Event: ======'machine_var_mpf_extended_version'====== Args={'value': 'Mission Pinball Framework v0.81.0.dev2, Config version:6, Show version: 6, BCP version:1.1', 'prev_value': None, 'change': True}
2026-07-02 21:28:59,029 : INFO : EventManager : Event: ======'machine_var_python_version'====== Args={'value': '3.13.2', 'prev_value': None, 'change': True}
2026-07-02 21:28:59,042 : INFO : EventManager : Event: ======'machine_var_platform'====== Args={'value': 'macOS-26.5.1-arm64-arm-64bit-Mach-O', 'prev_value': None, 'change': True}
2026-07-02 21:28:59,042 : INFO : EventManager : Event: ======'machine_var_platform_system'====== Args={'value': 'Darwin', 'prev_value': None, 'change': True}
2026-07-02 21:28:59,042 : INFO : EventManager : Event: ======'machine_var_platform_release'====== Args={'value': '25.5.0', 'prev_value': None, 'change': True}
2026-07-02 21:28:59,042 : INFO : EventManager : Event: ======'machine_var_platform_version'====== Args={'value': 'Darwin Kernel Version 25.5.0: Mon Apr 27 20:41:19 PDT 2026; root:xnu-12377.121.6~2/RELEASE_ARM64_T8122', 'prev_value': None, 'change': True}
2026-07-02 21:28:59,042 : INFO : EventManager : Event: ======'machine_var_platform_machine'====== Args={'value': 'arm64', 'prev_value': None, 'change': True}
2026-07-02 21:28:59,042 : INFO : EventManager : Event: ======'machine_var_log_file_path'====== Args={'value': '/Users/samhughes/Desktop/Hollow-Knight-Pinball/logs/2026-07-02-21-28-58-mpf-Mac.lan.log', 'prev_value': None, 'change': True}
2026-07-02 21:28:59,042 : INFO : EventManager : Event: ======'init_phase_1'====== Args={}
2026-07-02 21:28:59,053 : INFO : EventManager : Event: ======'init_phase_2'====== Args={}
2026-07-02 21:28:59,054 : INFO : EventManager : Event: ======'bcp_connection_attempt'====== Args={'name': 'local_display', 'host': 'localhost', 'port': 5050}
2026-07-02 21:28:59,054 : INFO : BCPClientSocket : Connecting BCP to 'local_display' at localhost:5050...
2026-07-02 21:29:25,611 : INFO : BCPClientSocket : Connected BCP to 'local_display' localhost:5050
2026-07-02 21:29:25,612 : INFO : EventManager : Event: ======'bcp_clients_connected'====== Args={}
2026-07-02 21:29:25,616 : INFO : ball_device.bd_trough : BCH: Initial count: 0
2026-07-02 21:29:25,617 : INFO : ball_device.bd_trough : State: idle
2026-07-02 21:29:25,618 : INFO : ball_device.bd_plunger : BCH: Initial count: 0
2026-07-02 21:29:25,618 : INFO : ball_device.bd_plunger : State: idle
2026-07-02 21:29:25,639 : INFO : EventManager : Event: ======'init_phase_3'====== Args={}
2026-07-02 21:29:25,640 : INFO : EventManager : Event: ======'init_phase_4'====== Args={}
2026-07-02 21:29:25,640 : INFO : BallController : Initial balls found: 0
2026-07-02 21:29:25,641 : INFO : EventManager : Event: ======'machine_var_audits_events_game_ended'====== Args={'value': 6, 'prev_value': None, 'change': True}
2026-07-02 21:29:25,641 : INFO : EventManager : Event: ======'machine_var_audits_events_game_started'====== Args={'value': 173, 'prev_value': None, 'change': True}
2026-07-02 21:29:25,641 : INFO : EventManager : Event: ======'machine_var_audits_missing_switches_s_back_left_target'====== Args={'value': 45, 'prev_value': None, 'change': True}
2026-07-02 21:29:25,641 : INFO : EventManager : Event: ======'machine_var_audits_missing_switches_s_back_middle_left_target'====== Args={'value': 1, 'prev_value': None, 'change': True}
2026-07-02 21:29:25,641 : INFO : EventManager : Event: ======'machine_var_audits_missing_switches_s_back_middle_right_target'====== Args={'value': 1, 'prev_value': None, 'change': True}
2026-07-02 21:29:25,641 : INFO : EventManager : Event: ======'machine_var_audits_missing_switches_s_back_right_target'====== Args={'value': 135, 'prev_value': None, 'change': True}
2026-07-02 21:29:25,641 : INFO : EventManager : Event: ======'machine_var_audits_missing_switches_s_bottom_right_slingshot'====== Args={'value': 132, 'prev_value': None, 'change': True}
2026-07-02 21:29:25,641 : INFO : EventManager : Event: ======'machine_var_audits_missing_switches_s_front_left_target'====== Args={'value': 1, 'prev_value': None, 'change': True}
2026-07-02 21:29:25,641 : INFO : EventManager : Event: ======'machine_var_audits_missing_switches_s_front_middle_target'====== Args={'value': 1, 'prev_value': None, 'change': True}
2026-07-02 21:29:25,641 : INFO : EventManager : Event: ======'machine_var_audits_missing_switches_s_front_right_target'====== Args={'value': 2, 'prev_value': None, 'change': True}
2026-07-02 21:29:25,641 : INFO : EventManager : Event: ======'machine_var_audits_missing_switches_s_lane_to_pop'====== Args={'value': 5, 'prev_value': None, 'change': True}
2026-07-02 21:29:25,641 : INFO : EventManager : Event: ======'machine_var_audits_missing_switches_s_left_inlane'====== Args={'value': 1, 'prev_value': None, 'change': True}
2026-07-02 21:29:25,641 : INFO : EventManager : Event: ======'machine_var_audits_missing_switches_s_left_orbit'====== Args={'value': 1, 'prev_value': None, 'change': True}
2026-07-02 21:29:25,641 : INFO : EventManager : Event: ======'machine_var_audits_missing_switches_s_left_outlane'====== Args={'value': 142, 'prev_value': None, 'change': True}
2026-07-02 21:29:25,641 : INFO : EventManager : Event: ======'machine_var_audits_missing_switches_s_right_orbit'====== Args={'value': 27, 'prev_value': None, 'change': True}
2026-07-02 21:29:25,641 : INFO : EventManager : Event: ======'machine_var_audits_missing_switches_s_right_outlane'====== Args={'value': 142, 'prev_value': None, 'change': True}
2026-07-02 21:29:25,641 : INFO : EventManager : Event: ======'machine_var_audits_missing_switches_s_start'====== Args={'value': 4, 'prev_value': None, 'change': True}
2026-07-02 21:29:25,641 : INFO : EventManager : Event: ======'machine_var_audits_missing_switches_s_top_left_slingshot'====== Args={'value': 1, 'prev_value': None, 'change': True}
2026-07-02 21:29:25,641 : INFO : EventManager : Event: ======'machine_var_audits_missing_switches_s_top_right_slingshot'====== Args={'value': 130, 'prev_value': None, 'change': True}
2026-07-02 21:29:25,641 : INFO : EventManager : Event: ======'machine_var_audits_missing_switches_s_trough_1'====== Args={'value': 136, 'prev_value': None, 'change': True}
2026-07-02 21:29:25,641 : INFO : EventManager : Event: ======'machine_var_audits_missing_switches_s_trough_2'====== Args={'value': 160, 'prev_value': None, 'change': True}
2026-07-02 21:29:25,641 : INFO : EventManager : Event: ======'machine_var_audits_missing_switches_s_trough_3'====== Args={'value': 158, 'prev_value': None, 'change': True}
2026-07-02 21:29:25,641 : INFO : EventManager : Event: ======'machine_var_audits_player_score'====== Args={'value': {'average': 36284, 'top': [173500, 81940, 45000, 15000, 15000, 15000, 15000, 15000, 15000, 15000], 'total': 12}, 'prev_value': None, 'change': True}
2026-07-02 21:29:25,641 : INFO : EventManager : Event: ======'machine_var_audits_shots_back_left_target'====== Args={'value': 7, 'prev_value': None, 'change': True}
2026-07-02 21:29:25,641 : INFO : EventManager : Event: ======'machine_var_audits_shots_back_middle_left_target_mask'====== Args={'value': 1, 'prev_value': None, 'change': True}
2026-07-02 21:29:25,642 : INFO : EventManager : Event: ======'machine_var_audits_shots_back_middle_right_target'====== Args={'value': 5, 'prev_value': None, 'change': True}
2026-07-02 21:29:25,642 : INFO : EventManager : Event: ======'machine_var_audits_shots_back_middle_right_target_mask'====== Args={'value': 1, 'prev_value': None, 'change': True}
2026-07-02 21:29:25,642 : INFO : EventManager : Event: ======'machine_var_audits_shots_back_right_target'====== Args={'value': 2, 'prev_value': None, 'change': True}
2026-07-02 21:29:25,642 : INFO : EventManager : Event: ======'machine_var_audits_shots_bakc_middle_left_target'====== Args={'value': 4, 'prev_value': None, 'change': True}
2026-07-02 21:29:25,642 : INFO : EventManager : Event: ======'machine_var_audits_shots_bottom_left_slingshot'====== Args={'value': 3, 'prev_value': None, 'change': True}
2026-07-02 21:29:25,642 : INFO : EventManager : Event: ======'machine_var_audits_shots_front_left_target'====== Args={'value': 7, 'prev_value': None, 'change': True}
2026-07-02 21:29:25,642 : INFO : EventManager : Event: ======'machine_var_audits_shots_front_left_target_mask'====== Args={'value': 1, 'prev_value': None, 'change': True}
2026-07-02 21:29:25,642 : INFO : EventManager : Event: ======'machine_var_audits_shots_front_middle_target'====== Args={'value': 9, 'prev_value': None, 'change': True}
2026-07-02 21:29:25,642 : INFO : EventManager : Event: ======'machine_var_audits_shots_front_middle_target_mask'====== Args={'value': 1, 'prev_value': None, 'change': True}
2026-07-02 21:29:25,642 : INFO : EventManager : Event: ======'machine_var_audits_shots_front_right_target'====== Args={'value': 9, 'prev_value': None, 'change': True}
2026-07-02 21:29:25,642 : INFO : EventManager : Event: ======'machine_var_audits_shots_front_right_target_mask'====== Args={'value': 3, 'prev_value': None, 'change': True}
2026-07-02 21:29:25,642 : INFO : EventManager : Event: ======'machine_var_audits_shots_lane_to_pop'====== Args={'value': 102, 'prev_value': None, 'change': True}
2026-07-02 21:29:25,642 : INFO : EventManager : Event: ======'machine_var_audits_shots_left_inlane'====== Args={'value': 9, 'prev_value': None, 'change': True}
2026-07-02 21:29:25,642 : INFO : EventManager : Event: ======'machine_var_audits_shots_left_orbit'====== Args={'value': 187, 'prev_value': None, 'change': True}
2026-07-02 21:29:25,642 : INFO : EventManager : Event: ======'machine_var_audits_shots_left_orbit_mask'====== Args={'value': 9, 'prev_value': None, 'change': True}
2026-07-02 21:29:25,642 : INFO : EventManager : Event: ======'machine_var_audits_shots_left_orbit_travel_dirtmouth_to_frogotten_crossroads'====== Args={'value': 96, 'prev_value': None, 'change': True}
2026-07-02 21:29:25,642 : INFO : EventManager : Event: ======'machine_var_audits_shots_left_outlane'====== Args={'value': 5, 'prev_value': None, 'change': True}
2026-07-02 21:29:25,642 : INFO : EventManager : Event: ======'machine_var_audits_shots_pop_bumper'====== Args={'value': 27, 'prev_value': None, 'change': True}
2026-07-02 21:29:25,642 : INFO : EventManager : Event: ======'machine_var_audits_shots_ramp'====== Args={'value': 81, 'prev_value': None, 'change': True}
2026-07-02 21:29:25,642 : INFO : EventManager : Event: ======'machine_var_audits_shots_ramp_mask'====== Args={'value': 3, 'prev_value': None, 'change': True}
2026-07-02 21:29:25,642 : INFO : EventManager : Event: ======'machine_var_audits_shots_ramp_travel_dirtmouth_to_frogotten_crossroads'====== Args={'value': 10, 'prev_value': None, 'change': True}
2026-07-02 21:29:25,642 : INFO : EventManager : Event: ======'machine_var_audits_shots_right_inlane'====== Args={'value': 15, 'prev_value': None, 'change': True}
2026-07-02 21:29:25,642 : INFO : EventManager : Event: ======'machine_var_audits_shots_right_orbit'====== Args={'value': 267, 'prev_value': None, 'change': True}
2026-07-02 21:29:25,642 : INFO : EventManager : Event: ======'machine_var_audits_shots_right_orbit_travel_dirtmouth_to_frogotten_crossroads'====== Args={'value': 44, 'prev_value': None, 'change': True}
2026-07-02 21:29:25,642 : INFO : EventManager : Event: ======'machine_var_audits_shots_right_outlane'====== Args={'value': 12, 'prev_value': None, 'change': True}
2026-07-02 21:29:25,642 : INFO : EventManager : Event: ======'machine_var_audits_shots_saucer'====== Args={'value': 40, 'prev_value': None, 'change': True}
2026-07-02 21:29:25,642 : INFO : EventManager : Event: ======'machine_var_audits_shots_saucer_dirtmouth'====== Args={'value': 21, 'prev_value': None, 'change': True}
2026-07-02 21:29:25,642 : INFO : EventManager : Event: ======'machine_var_audits_shots_saucer_frogotten_crossroads'====== Args={'value': 4, 'prev_value': None, 'change': True}
2026-07-02 21:29:25,642 : INFO : EventManager : Event: ======'machine_var_audits_shots_saucer_mask'====== Args={'value': 1, 'prev_value': None, 'change': True}
2026-07-02 21:29:25,642 : INFO : EventManager : Event: ======'machine_var_audits_shots_top_left_slingshot'====== Args={'value': 2, 'prev_value': None, 'change': True}
2026-07-02 21:29:25,642 : INFO : EventManager : Event: ======'machine_var_audits_shots_top_right_slingshot'====== Args={'value': 6, 'prev_value': None, 'change': True}
2026-07-02 21:29:25,642 : INFO : EventManager : Event: ======'machine_var_audits_shots_vuk'====== Args={'value': 321, 'prev_value': None, 'change': True}
2026-07-02 21:29:25,642 : INFO : EventManager : Event: ======'machine_var_audits_shots_vuk_dirtmouth'====== Args={'value': 196, 'prev_value': None, 'change': True}
2026-07-02 21:29:25,642 : INFO : EventManager : Event: ======'machine_var_audits_shots_vuk_frogotten_crossroads'====== Args={'value': 45, 'prev_value': None, 'change': True}
2026-07-02 21:29:25,642 : INFO : EventManager : Event: ======'machine_var_audits_switches_s_back_left_target'====== Args={'value': 7, 'prev_value': None, 'change': True}
2026-07-02 21:29:25,642 : INFO : EventManager : Event: ======'machine_var_audits_switches_s_back_middle_left_target'====== Args={'value': 5, 'prev_value': None, 'change': True}
2026-07-02 21:29:25,642 : INFO : EventManager : Event: ======'machine_var_audits_switches_s_back_middle_right_target'====== Args={'value': 6, 'prev_value': None, 'change': True}
2026-07-02 21:29:25,642 : INFO : EventManager : Event: ======'machine_var_audits_switches_s_back_right_target'====== Args={'value': 3, 'prev_value': None, 'change': True}
2026-07-02 21:29:25,642 : INFO : EventManager : Event: ======'machine_var_audits_switches_s_bottom_left_slingshot'====== Args={'value': 29, 'prev_value': None, 'change': True}
2026-07-02 21:29:25,642 : INFO : EventManager : Event: ======'machine_var_audits_switches_s_bottom_right_slingshot'====== Args={'value': 26, 'prev_value': None, 'change': True}
2026-07-02 21:29:25,642 : INFO : EventManager : Event: ======'machine_var_audits_switches_s_front_left_target'====== Args={'value': 7, 'prev_value': None, 'change': True}
2026-07-02 21:29:25,642 : INFO : EventManager : Event: ======'machine_var_audits_switches_s_front_middle_target'====== Args={'value': 10, 'prev_value': None, 'change': True}
2026-07-02 21:29:25,642 : INFO : EventManager : Event: ======'machine_var_audits_switches_s_front_right_target'====== Args={'value': 10, 'prev_value': None, 'change': True}
2026-07-02 21:29:25,642 : INFO : EventManager : Event: ======'machine_var_audits_switches_s_lane_to_pop'====== Args={'value': 104, 'prev_value': None, 'change': True}
2026-07-02 21:29:25,642 : INFO : EventManager : Event: ======'machine_var_audits_switches_s_left_flipper'====== Args={'value': 183, 'prev_value': None, 'change': True}
2026-07-02 21:29:25,642 : INFO : EventManager : Event: ======'machine_var_audits_switches_s_left_inlane'====== Args={'value': 10, 'prev_value': None, 'change': True}
2026-07-02 21:29:25,642 : INFO : EventManager : Event: ======'machine_var_audits_switches_s_left_orbit'====== Args={'value': 189, 'prev_value': None, 'change': True}
2026-07-02 21:29:25,643 : INFO : EventManager : Event: ======'machine_var_audits_switches_s_left_outlane'====== Args={'value': 6, 'prev_value': None, 'change': True}
2026-07-02 21:29:25,643 : INFO : EventManager : Event: ======'machine_var_audits_switches_s_plunger_lane'====== Args={'value': 351, 'prev_value': None, 'change': True}
2026-07-02 21:29:25,643 : INFO : EventManager : Event: ======'machine_var_audits_switches_s_pop_bumper'====== Args={'value': 27, 'prev_value': None, 'change': True}
2026-07-02 21:29:25,643 : INFO : EventManager : Event: ======'machine_var_audits_switches_s_ramp'====== Args={'value': 83, 'prev_value': None, 'change': True}
2026-07-02 21:29:25,643 : INFO : EventManager : Event: ======'machine_var_audits_switches_s_right_flipper'====== Args={'value': 300, 'prev_value': None, 'change': True}
2026-07-02 21:29:25,643 : INFO : EventManager : Event: ======'machine_var_audits_switches_s_right_inlane'====== Args={'value': 16, 'prev_value': None, 'change': True}
2026-07-02 21:29:25,643 : INFO : EventManager : Event: ======'machine_var_audits_switches_s_right_orbit'====== Args={'value': 301, 'prev_value': None, 'change': True}
2026-07-02 21:29:25,643 : INFO : EventManager : Event: ======'machine_var_audits_switches_s_right_outlane'====== Args={'value': 13, 'prev_value': None, 'change': True}
2026-07-02 21:29:25,643 : INFO : EventManager : Event: ======'machine_var_audits_switches_s_saucer'====== Args={'value': 47, 'prev_value': None, 'change': True}
2026-07-02 21:29:25,643 : INFO : EventManager : Event: ======'machine_var_audits_switches_s_start'====== Args={'value': 63, 'prev_value': None, 'change': True}
2026-07-02 21:29:25,643 : INFO : EventManager : Event: ======'machine_var_audits_switches_s_top_left_slingshot'====== Args={'value': 23, 'prev_value': None, 'change': True}
2026-07-02 21:29:25,643 : INFO : EventManager : Event: ======'machine_var_audits_switches_s_top_right_slingshot'====== Args={'value': 25, 'prev_value': None, 'change': True}
2026-07-02 21:29:25,643 : INFO : EventManager : Event: ======'machine_var_audits_switches_s_trough_1'====== Args={'value': 68, 'prev_value': None, 'change': True}
2026-07-02 21:29:25,643 : INFO : EventManager : Event: ======'machine_var_audits_switches_s_trough_2'====== Args={'value': 9, 'prev_value': None, 'change': True}
2026-07-02 21:29:25,643 : INFO : EventManager : Event: ======'machine_var_audits_switches_s_trough_3'====== Args={'value': 52, 'prev_value': None, 'change': True}
2026-07-02 21:29:25,643 : INFO : EventManager : Event: ======'machine_var_audits_switches_s_vuk'====== Args={'value': 341, 'prev_value': None, 'change': True}
2026-07-02 21:29:25,643 : INFO : EventManager : Event: ======'init_phase_5'====== Args={}
2026-07-02 21:29:25,644 : INFO : EventManager : Event: ======'init_done'====== Args={}
2026-07-02 21:29:25,644 : INFO : EventManager : Event: ======'machine_reset_phase_1'====== Args={}
2026-07-02 21:29:25,659 : INFO : EventManager : Event: ======'machine_reset_phase_2'====== Args={}
2026-07-02 21:29:25,659 : INFO : EventManager : Event: ======'machine_reset_phase_3'====== Args={}
2026-07-02 21:29:25,659 : INFO : EventManager : Event: ======'reset_complete'====== Args={}
2026-07-02 21:29:25,660 : INFO : EventManager : Event: ======'mode_attract_will_start'====== Args={}
2026-07-02 21:29:25,662 : INFO : Timer.attract_carousel_timer : Starting Timer.
2026-07-02 21:29:25,662 : INFO : EventManager : Event: ======'timer_attract_carousel_timer_started'====== Args={'ticks': 0, 'ticks_remaining': 1}
2026-07-02 21:29:25,662 : INFO : EventManager : Event: ======'timer_attract_carousel_timer_tick'====== Args={'ticks': 0, 'ticks_remaining': 1}
2026-07-02 21:29:25,663 : INFO : EventManager : Event: ======'mode_attract_starting'====== Args={}
2026-07-02 21:29:25,663 : INFO : Mode.attract : Started. Priority: 10
2026-07-02 21:29:25,663 : INFO : EventManager : Event: ======'modes_active_modes_changed'====== Args={}
2026-07-02 21:29:25,663 : INFO : EventManager : Event: ======'mode_attract_started'====== Args={}
2026-07-02 21:29:25,664 : INFO : EventManager : Event: ======'collecting_balls_complete'====== Args={}
2026-07-02 21:29:25,664 : INFO : EventManager : Event: ======'carousel_item_highlighted'====== Args={'carousel': 'attract', 'direction': None, 'item': 'title'}
2026-07-02 21:29:25,664 : INFO : Machine : Starting the main run loop with active modes: [<Mode.attract>]
2026-07-02 21:29:25,787 : INFO : EventManager : Event: ======'slide_attract_created'====== Args={'_from_bcp': True}
2026-07-02 21:29:25,788 : INFO : EventManager : Event: ======'slide__removed'====== Args={'_from_bcp': True}
2026-07-02 21:29:25,788 : INFO : EventManager : Event: ======'slide_attract_active'====== Args={'original_context': 'attract', 'original_calling_context': 'mode_attract_started', 'priority': 10.0, 'cmd': 'slides_play', '_from_bcp': True}
2026-07-02 21:29:26,334 : INFO : BcpServer : New client connected.
2026-07-02 21:29:33,164 : INFO : Timer.attract_carousel_timer : Timer Complete
2026-07-02 21:29:33,164 : INFO : Timer.attract_carousel_timer : Stopping Timer
2026-07-02 21:29:33,165 : INFO : EventManager : Event: ======'timer_attract_carousel_timer_stopped'====== Args={'ticks': 1, 'ticks_remaining': 1}
2026-07-02 21:29:33,165 : INFO : EventManager : Event: ======'timer_attract_carousel_timer_complete'====== Args={'ticks': 1, 'ticks_remaining': 1}
2026-07-02 21:29:33,166 : INFO : EventManager : Event: ======'carousel_item_highlighted'====== Args={'carousel': 'attract', 'direction': 'forwards', 'item': 'map'}
2026-07-02 21:29:33,167 : INFO : Timer.attract_carousel_timer : Starting Timer.
2026-07-02 21:29:33,167 : INFO : EventManager : Event: ======'timer_attract_carousel_timer_started'====== Args={'ticks': 0, 'ticks_remaining': 1}
2026-07-02 21:29:33,168 : INFO : EventManager : Event: ======'timer_attract_carousel_timer_tick'====== Args={'ticks': 0, 'ticks_remaining': 1}
2026-07-02 21:29:40,668 : INFO : Timer.attract_carousel_timer : Timer Complete
2026-07-02 21:29:40,668 : INFO : Timer.attract_carousel_timer : Stopping Timer
2026-07-02 21:29:40,669 : INFO : EventManager : Event: ======'timer_attract_carousel_timer_stopped'====== Args={'ticks': 1, 'ticks_remaining': 1}
2026-07-02 21:29:40,669 : INFO : EventManager : Event: ======'timer_attract_carousel_timer_complete'====== Args={'ticks': 1, 'ticks_remaining': 1}
2026-07-02 21:29:40,670 : INFO : EventManager : Event: ======'carousel_item_highlighted'====== Args={'carousel': 'attract', 'direction': 'forwards', 'item': 'credits'}
2026-07-02 21:29:40,671 : INFO : Timer.attract_carousel_timer : Starting Timer.
2026-07-02 21:29:40,671 : INFO : EventManager : Event: ======'timer_attract_carousel_timer_started'====== Args={'ticks': 0, 'ticks_remaining': 1}
2026-07-02 21:29:40,672 : INFO : EventManager : Event: ======'timer_attract_carousel_timer_tick'====== Args={'ticks': 0, 'ticks_remaining': 1}
2026-07-02 21:29:48,172 : INFO : Timer.attract_carousel_timer : Timer Complete
2026-07-02 21:29:48,172 : INFO : Timer.attract_carousel_timer : Stopping Timer
2026-07-02 21:29:48,173 : INFO : EventManager : Event: ======'timer_attract_carousel_timer_stopped'====== Args={'ticks': 1, 'ticks_remaining': 1}
2026-07-02 21:29:48,174 : INFO : EventManager : Event: ======'timer_attract_carousel_timer_complete'====== Args={'ticks': 1, 'ticks_remaining': 1}
2026-07-02 21:29:48,175 : INFO : EventManager : Event: ======'carousel_item_highlighted'====== Args={'carousel': 'attract', 'direction': 'forwards', 'item': 'mpf_and_cobrapin_logo'}
2026-07-02 21:29:48,175 : INFO : Timer.attract_carousel_timer : Starting Timer.
2026-07-02 21:29:48,176 : INFO : EventManager : Event: ======'timer_attract_carousel_timer_started'====== Args={'ticks': 0, 'ticks_remaining': 1}
2026-07-02 21:29:48,177 : INFO : EventManager : Event: ======'timer_attract_carousel_timer_tick'====== Args={'ticks': 0, 'ticks_remaining': 1}
2026-07-02 21:29:55,676 : INFO : Timer.attract_carousel_timer : Timer Complete
2026-07-02 21:29:55,677 : INFO : Timer.attract_carousel_timer : Stopping Timer
2026-07-02 21:29:55,677 : INFO : EventManager : Event: ======'timer_attract_carousel_timer_stopped'====== Args={'ticks': 1, 'ticks_remaining': 1}
2026-07-02 21:29:55,677 : INFO : EventManager : Event: ======'timer_attract_carousel_timer_complete'====== Args={'ticks': 1, 'ticks_remaining': 1}
2026-07-02 21:29:55,677 : INFO : EventManager : Event: ======'carousel_item_highlighted'====== Args={'carousel': 'attract', 'direction': 'forwards', 'item': 'team_cherry'}
2026-07-02 21:29:55,678 : INFO : Timer.attract_carousel_timer : Starting Timer.
2026-07-02 21:29:55,678 : INFO : EventManager : Event: ======'timer_attract_carousel_timer_started'====== Args={'ticks': 0, 'ticks_remaining': 1}
2026-07-02 21:29:55,678 : INFO : EventManager : Event: ======'timer_attract_carousel_timer_tick'====== Args={'ticks': 0, 'ticks_remaining': 1}
2026-07-02 21:30:03,179 : INFO : Timer.attract_carousel_timer : Timer Complete
2026-07-02 21:30:03,180 : INFO : Timer.attract_carousel_timer : Stopping Timer
2026-07-02 21:30:03,180 : INFO : EventManager : Event: ======'timer_attract_carousel_timer_stopped'====== Args={'ticks': 1, 'ticks_remaining': 1}
2026-07-02 21:30:03,181 : INFO : EventManager : Event: ======'timer_attract_carousel_timer_complete'====== Args={'ticks': 1, 'ticks_remaining': 1}
2026-07-02 21:30:03,181 : INFO : EventManager : Event: ======'carousel_item_highlighted'====== Args={'carousel': 'attract', 'direction': 'forwards', 'item': 'last_scores_1p'}
2026-07-02 21:30:03,182 : INFO : Timer.attract_carousel_timer : Starting Timer.
2026-07-02 21:30:03,182 : INFO : EventManager : Event: ======'timer_attract_carousel_timer_started'====== Args={'ticks': 0, 'ticks_remaining': 1}
2026-07-02 21:30:03,182 : INFO : EventManager : Event: ======'timer_attract_carousel_timer_tick'====== Args={'ticks': 0, 'ticks_remaining': 1}
2026-07-02 21:30:10,683 : INFO : Timer.attract_carousel_timer : Timer Complete
2026-07-02 21:30:10,684 : INFO : Timer.attract_carousel_timer : Stopping Timer
2026-07-02 21:30:10,684 : INFO : EventManager : Event: ======'timer_attract_carousel_timer_stopped'====== Args={'ticks': 1, 'ticks_remaining': 1}
2026-07-02 21:30:10,684 : INFO : EventManager : Event: ======'timer_attract_carousel_timer_complete'====== Args={'ticks': 1, 'ticks_remaining': 1}
2026-07-02 21:30:10,685 : INFO : EventManager : Event: ======'carousel_item_highlighted'====== Args={'carousel': 'attract', 'direction': 'forwards', 'item': 'tutorial_slash'}
2026-07-02 21:30:10,687 : INFO : Timer.attract_carousel_timer : Starting Timer.
2026-07-02 21:30:10,687 : INFO : EventManager : Event: ======'timer_attract_carousel_timer_started'====== Args={'ticks': 0, 'ticks_remaining': 1}
2026-07-02 21:30:10,687 : INFO : EventManager : Event: ======'timer_attract_carousel_timer_tick'====== Args={'ticks': 0, 'ticks_remaining': 1}
2026-07-02 21:30:18,188 : INFO : Timer.attract_carousel_timer : Timer Complete
2026-07-02 21:30:18,188 : INFO : Timer.attract_carousel_timer : Stopping Timer
2026-07-02 21:30:18,189 : INFO : EventManager : Event: ======'timer_attract_carousel_timer_stopped'====== Args={'ticks': 1, 'ticks_remaining': 1}
2026-07-02 21:30:18,189 : INFO : EventManager : Event: ======'timer_attract_carousel_timer_complete'====== Args={'ticks': 1, 'ticks_remaining': 1}
2026-07-02 21:30:18,190 : INFO : EventManager : Event: ======'carousel_item_highlighted'====== Args={'carousel': 'attract', 'direction': 'forwards', 'item': 'tutorial_damage'}
2026-07-02 21:30:18,190 : INFO : Timer.attract_carousel_timer : Starting Timer.
2026-07-02 21:30:18,190 : INFO : EventManager : Event: ======'timer_attract_carousel_timer_started'====== Args={'ticks': 0, 'ticks_remaining': 1}
2026-07-02 21:30:18,191 : INFO : EventManager : Event: ======'timer_attract_carousel_timer_tick'====== Args={'ticks': 0, 'ticks_remaining': 1}
2026-07-02 21:30:18,835 : INFO : SwitchController : <<<<<<< 's_start' active >>>>>>>
2026-07-02 21:30:18,950 : INFO : SwitchController : <<<<<<< 's_start' inactive >>>>>>>
2026-07-02 21:30:18,950 : INFO : EventManager : Event: ======'request_to_start_game'====== Args={}
2026-07-02 21:30:18,951 : INFO : BallController : Known balls: 0
2026-07-02 21:30:18,951 : INFO : BallController : bd_trough contains 0 balls. Tags ['trough', 'home', 'drain']
2026-07-02 21:30:18,951 : INFO : BallController : bd_plunger contains 0 balls. Tags []
2026-07-02 21:30:18,951 : INFO : BallController : playfield contains 0 balls. Tags ['default']
2026-07-02 21:30:18,951 : WARNING : BallController : BallController denies game start. Not enough balls. 0 found. 1 required
2026-07-02 21:30:18,951 : INFO : BallController : Triggering ball search.
2026-07-02 21:30:25,691 : INFO : Timer.attract_carousel_timer : Timer Complete
2026-07-02 21:30:25,691 : INFO : Timer.attract_carousel_timer : Stopping Timer
2026-07-02 21:30:25,693 : INFO : EventManager : Event: ======'timer_attract_carousel_timer_stopped'====== Args={'ticks': 1, 'ticks_remaining': 1}
2026-07-02 21:30:25,694 : INFO : EventManager : Event: ======'timer_attract_carousel_timer_complete'====== Args={'ticks': 1, 'ticks_remaining': 1}
2026-07-02 21:30:25,695 : INFO : EventManager : Event: ======'carousel_item_highlighted'====== Args={'carousel': 'attract', 'direction': 'forwards', 'item': 'tutorial_dodge'}
2026-07-02 21:30:25,696 : INFO : Timer.attract_carousel_timer : Starting Timer.
2026-07-02 21:30:25,697 : INFO : EventManager : Event: ======'timer_attract_carousel_timer_started'====== Args={'ticks': 0, 'ticks_remaining': 1}
2026-07-02 21:30:25,697 : INFO : EventManager : Event: ======'timer_attract_carousel_timer_tick'====== Args={'ticks': 0, 'ticks_remaining': 1}
2026-07-02 21:30:28,222 : INFO : SwitchController : <<<<<<< 's_start' active >>>>>>>
2026-07-02 21:30:28,280 : INFO : SwitchController : <<<<<<< 's_start' inactive >>>>>>>
2026-07-02 21:30:28,280 : INFO : EventManager : Event: ======'request_to_start_game'====== Args={}
2026-07-02 21:30:28,281 : INFO : BallController : Known balls: 0
2026-07-02 21:30:28,281 : INFO : BallController : bd_trough contains 0 balls. Tags ['trough', 'home', 'drain']
2026-07-02 21:30:28,281 : INFO : BallController : bd_plunger contains 0 balls. Tags []
2026-07-02 21:30:28,281 : INFO : BallController : playfield contains 0 balls. Tags ['default']
2026-07-02 21:30:28,281 : WARNING : BallController : BallController denies game start. Not enough balls. 0 found. 1 required
2026-07-02 21:30:28,281 : INFO : BallController : Triggering ball search.
2026-07-02 21:30:32,735 : INFO : SwitchController : <<<<<<< 's_trough_1' active >>>>>>>
2026-07-02 21:30:33,198 : INFO : Timer.attract_carousel_timer : Timer Complete
2026-07-02 21:30:33,198 : INFO : Timer.attract_carousel_timer : Stopping Timer
2026-07-02 21:30:33,199 : INFO : EventManager : Event: ======'timer_attract_carousel_timer_stopped'====== Args={'ticks': 1, 'ticks_remaining': 1}
2026-07-02 21:30:33,199 : INFO : EventManager : Event: ======'timer_attract_carousel_timer_complete'====== Args={'ticks': 1, 'ticks_remaining': 1}
2026-07-02 21:30:33,200 : INFO : EventManager : Event: ======'carousel_item_highlighted'====== Args={'carousel': 'attract', 'direction': 'forwards', 'item': 'tutorial_heal'}
2026-07-02 21:30:33,201 : INFO : Timer.attract_carousel_timer : Starting Timer.
2026-07-02 21:30:33,202 : INFO : EventManager : Event: ======'timer_attract_carousel_timer_started'====== Args={'ticks': 0, 'ticks_remaining': 1}
2026-07-02 21:30:33,202 : INFO : EventManager : Event: ======'timer_attract_carousel_timer_tick'====== Args={'ticks': 0, 'ticks_remaining': 1}
2026-07-02 21:30:33,236 : INFO : EventManager : Event: ======'balldevice_bd_trough_ball_count_changed'====== Args={'balls': 1}
2026-07-02 21:30:33,236 : INFO : ball_device.bd_trough : Received unexpected ball
2026-07-02 21:30:33,237 : INFO : EventManager : Event: ======'balldevice_captured_from_playfield'====== Args={'balls': 1}
2026-07-02 21:30:33,237 : INFO : EventManager : Event: ======'sw_playfield_active'====== Args={'balls': 1}
2026-07-02 21:30:33,237 : INFO : EventManager : Event: ======'playfield_active'====== Args={'source': None}
2026-07-02 21:30:33,238 : INFO : EventManager : Event: ======'unexpected_ball_on_playfield'====== Args={}
2026-07-02 21:30:33,238 : INFO : EventManager : Event: ======'playfield_ball_count_change'====== Args={'balls': -1, 'change': -1}
2026-07-02 21:30:33,238 : INFO : EventManager : Event: ======'balldevice_playfield_ball_enter'====== Args={'new_balls': 1, 'unclaimed_balls': 1, 'device': <playfield.playfield>}
2026-07-02 21:30:33,238 : INFO : EventManager : Event: ======'playfield_ball_count_change'====== Args={'balls': 0, 'change': 1}
2026-07-02 21:30:33,239 : INFO : BallController : Found a new ball which was captured from playfield. Known balls: 1
2026-07-02 21:30:33,239 : INFO : EventManager : Event: ======'found_new_ball'====== Args={}
2026-07-02 21:30:33,239 : INFO : EventManager : Event: ======'balldevice_bd_trough_ball_enter'====== Args={'new_balls': 1, 'unclaimed_balls': 1, 'new_available_balls': 1, 'device': <ball_device.bd_trough>}
2026-07-02 21:30:33,239 : INFO : EventManager : Event: ======'ball_drain'====== Args={'device': <ball_device.bd_trough>, 'balls': 1}
2026-07-02 21:30:33,239 : INFO : EventManager : Event: ======'balldevice_balls_available'====== Args={}
2026-07-02 21:30:33,239 : INFO : EventManager : Event: ======'balldevice_bd_trough_ball_entered'====== Args={'new_balls': 1, 'device': <ball_device.bd_trough>}
2026-07-02 21:30:33,757 : INFO : SwitchController : <<<<<<< 's_trough_2' active >>>>>>>
2026-07-02 21:30:34,261 : INFO : EventManager : Event: ======'balldevice_bd_trough_ball_count_changed'====== Args={'balls': 2}
2026-07-02 21:30:34,262 : INFO : ball_device.bd_trough : Received unexpected ball
2026-07-02 21:30:34,262 : INFO : EventManager : Event: ======'balldevice_captured_from_playfield'====== Args={'balls': 1}
2026-07-02 21:30:34,263 : INFO : EventManager : Event: ======'sw_playfield_active'====== Args={'balls': 1}
2026-07-02 21:30:34,263 : INFO : EventManager : Event: ======'playfield_active'====== Args={'source': None}
2026-07-02 21:30:34,263 : INFO : EventManager : Event: ======'unexpected_ball_on_playfield'====== Args={}
2026-07-02 21:30:34,264 : INFO : EventManager : Event: ======'playfield_ball_count_change'====== Args={'balls': -1, 'change': -1}
2026-07-02 21:30:34,264 : INFO : EventManager : Event: ======'balldevice_playfield_ball_enter'====== Args={'new_balls': 1, 'unclaimed_balls': 1, 'device': <playfield.playfield>}
2026-07-02 21:30:34,264 : INFO : EventManager : Event: ======'playfield_ball_count_change'====== Args={'balls': 0, 'change': 1}
2026-07-02 21:30:34,265 : INFO : BallController : Found a new ball which was captured from playfield. Known balls: 2
2026-07-02 21:30:34,265 : INFO : EventManager : Event: ======'found_new_ball'====== Args={}
2026-07-02 21:30:34,265 : INFO : EventManager : Event: ======'balldevice_bd_trough_ball_enter'====== Args={'new_balls': 1, 'unclaimed_balls': 1, 'new_available_balls': 1, 'device': <ball_device.bd_trough>}
2026-07-02 21:30:34,265 : INFO : EventManager : Event: ======'ball_drain'====== Args={'device': <ball_device.bd_trough>, 'balls': 1}
2026-07-02 21:30:34,266 : INFO : EventManager : Event: ======'balldevice_balls_available'====== Args={}
2026-07-02 21:30:34,266 : INFO : EventManager : Event: ======'balldevice_bd_trough_ball_entered'====== Args={'new_balls': 1, 'device': <ball_device.bd_trough>}
2026-07-02 21:30:34,734 : INFO : SwitchController : <<<<<<< 's_trough_3' active >>>>>>>
2026-07-02 21:30:35,235 : INFO : EventManager : Event: ======'balldevice_bd_trough_ball_count_changed'====== Args={'balls': 3}
2026-07-02 21:30:35,236 : INFO : ball_device.bd_trough : Received unexpected ball
2026-07-02 21:30:35,236 : INFO : EventManager : Event: ======'balldevice_captured_from_playfield'====== Args={'balls': 1}
2026-07-02 21:30:35,237 : INFO : EventManager : Event: ======'sw_playfield_active'====== Args={'balls': 1}
2026-07-02 21:30:35,238 : INFO : EventManager : Event: ======'playfield_active'====== Args={'source': None}
2026-07-02 21:30:35,238 : INFO : EventManager : Event: ======'unexpected_ball_on_playfield'====== Args={}
2026-07-02 21:30:35,238 : INFO : EventManager : Event: ======'playfield_ball_count_change'====== Args={'balls': -1, 'change': -1}
2026-07-02 21:30:35,239 : INFO : EventManager : Event: ======'balldevice_playfield_ball_enter'====== Args={'new_balls': 1, 'unclaimed_balls': 1, 'device': <playfield.playfield>}
2026-07-02 21:30:35,239 : INFO : EventManager : Event: ======'playfield_ball_count_change'====== Args={'balls': 0, 'change': 1}
2026-07-02 21:30:35,240 : INFO : BallController : Found a new ball which was captured from playfield. Known balls: 3
2026-07-02 21:30:35,240 : INFO : EventManager : Event: ======'found_new_ball'====== Args={}
2026-07-02 21:30:35,240 : INFO : EventManager : Event: ======'balldevice_bd_trough_ball_enter'====== Args={'new_balls': 1, 'unclaimed_balls': 1, 'new_available_balls': 1, 'device': <ball_device.bd_trough>}
2026-07-02 21:30:35,241 : INFO : EventManager : Event: ======'ball_drain'====== Args={'device': <ball_device.bd_trough>, 'balls': 1}
2026-07-02 21:30:35,241 : INFO : EventManager : Event: ======'balldevice_balls_available'====== Args={}
2026-07-02 21:30:35,241 : INFO : EventManager : Event: ======'balldevice_bd_trough_ball_entered'====== Args={'new_balls': 1, 'device': <ball_device.bd_trough>}
2026-07-02 21:30:36,914 : INFO : SwitchController : <<<<<<< 's_start' active >>>>>>>
2026-07-02 21:30:37,015 : INFO : SwitchController : <<<<<<< 's_start' inactive >>>>>>>
2026-07-02 21:30:37,015 : INFO : EventManager : Event: ======'request_to_start_game'====== Args={}
2026-07-02 21:30:37,016 : INFO : EventManager : Event: ======'game_start'====== Args={'buttons': [], 'hold_time': 0.10102495807223022}
2026-07-02 21:30:37,016 : INFO : EventManager : Event: ======'mode_game_will_start'====== Args={'buttons': [], 'hold_time': 0.10102495807223022}
2026-07-02 21:30:37,017 : INFO : EventManager : Event: ======'mode_game_starting'====== Args={'buttons': [], 'hold_time': 0.10102495807223022}
2026-07-02 21:30:37,018 : INFO : EventManager : Event: ======'mode_attract_will_stop'====== Args={}
2026-07-02 21:30:37,018 : INFO : EventManager : Event: ======'mode_attract_stopping'====== Args={}
2026-07-02 21:30:37,018 : INFO : Mode.attract : Stopped.
2026-07-02 21:30:37,018 : INFO : EventManager : Event: ======'modes_active_modes_changed'====== Args={}
2026-07-02 21:30:37,019 : INFO : EventManager : Event: ======'mode_attract_stopped'====== Args={}
2026-07-02 21:30:37,019 : INFO : EventManager : Event: ======'clear'====== Args={'key': 'attract'}
2026-07-02 21:30:37,020 : INFO : Timer.attract_carousel_timer : Stopping Timer
2026-07-02 21:30:37,020 : INFO : EventManager : Event: ======'timer_attract_carousel_timer_stopped'====== Args={'ticks': 0, 'ticks_remaining': 1}
2026-07-02 21:30:37,020 : INFO : Mode.game : Started. Priority: 20
2026-07-02 21:30:37,020 : INFO : EventManager : Event: ======'modes_active_modes_changed'====== Args={}
2026-07-02 21:30:37,020 : INFO : EventManager : Event: ======'mode_game_started'====== Args={'buttons': [], 'hold_time': 0.10102495807223022}
2026-07-02 21:30:37,021 : INFO : EventManager : Event: ======'game_will_start'====== Args={}
2026-07-02 21:30:37,021 : INFO : EventManager : Event: ======'game_starting'====== Args={'game': <Mode.game>}
2026-07-02 21:30:37,022 : INFO : EventManager : Unordered handler for class <Auditor> on event game_ended with priority 1. Handlers: [RegisteredHandler(callback=<bound method Auditor.disable of <Auditor>>, priority=1, kwargs={}, key=UUID('632e41dc-1145-4f66-93f8-6cf63167b8bf'), condition=None, blocking_facility=None), RegisteredHandler(callback=<bound method Auditor._save_audits of <Auditor>>, priority=1, kwargs={}, key=UUID('aaaa90f5-ebc6-45c7-b60d-89c86f3f4cd6'), condition=None, blocking_facility=None)]. The order of those handlers is not defined and they will be executed in random order. This might lead to race conditions and potential bugs.
2026-07-02 21:30:37,022 : INFO : EventManager : Event: ======'player_add_request'====== Args={}
2026-07-02 21:30:37,022 : INFO : EventManager : Event: ======'player_will_add'====== Args={'number': 1}
2026-07-02 21:30:37,023 : INFO : EventManager : Event: ======'player_adding'====== Args={'player': <Player 1>, 'number': 1}
2026-07-02 21:30:37,023 : INFO : EventManager : Event: ======'player_added'====== Args={'player': <Player 1>, 'num': 1}
2026-07-02 21:30:37,023 : INFO : Mode.game : Player added successfully. Total players: 1
2026-07-02 21:30:37,024 : INFO : EventManager : Event: ======'player_index'====== Args={'value': 0, 'prev_value': 0, 'change': 0, 'player_num': 1}
2026-07-02 21:30:37,024 : INFO : EventManager : Event: ======'player_number'====== Args={'value': 1, 'prev_value': 1, 'change': 0, 'player_num': 1}
2026-07-02 21:30:37,024 : INFO : EventManager : Event: ======'player_dirtmouth_active'====== Args={'value': 0, 'prev_value': 0, 'change': 0, 'player_num': 1}
2026-07-02 21:30:37,024 : INFO : EventManager : Event: ======'player_mode_active'====== Args={'value': 0, 'prev_value': 0, 'change': 0, 'player_num': 1}
2026-07-02 21:30:37,024 : INFO : EventManager : Event: ======'player_lane_to_pop_active'====== Args={'value': 0, 'prev_value': 0, 'change': 0, 'player_num': 1}
2026-07-02 21:30:37,025 : INFO : EventManager : Event: ======'player_lanes_active'====== Args={'value': 0, 'prev_value': 0, 'change': 0, 'player_num': 1}
2026-07-02 21:30:37,025 : INFO : EventManager : Event: ======'player_left_orbit_active'====== Args={'value': 0, 'prev_value': 0, 'change': 0, 'player_num': 1}
2026-07-02 21:30:37,025 : INFO : EventManager : Event: ======'player_pop_bumper_active'====== Args={'value': 0, 'prev_value': 0, 'change': 0, 'player_num': 1}
2026-07-02 21:30:37,025 : INFO : EventManager : Event: ======'player_ramp_active'====== Args={'value': 0, 'prev_value': 0, 'change': 0, 'player_num': 1}
2026-07-02 21:30:37,026 : INFO : EventManager : Event: ======'player_right_orbit_active'====== Args={'value': 0, 'prev_value': 0, 'change': 0, 'player_num': 1}
2026-07-02 21:30:37,026 : INFO : EventManager : Event: ======'player_saucer_active'====== Args={'value': 0, 'prev_value': 0, 'change': 0, 'player_num': 1}
2026-07-02 21:30:37,026 : INFO : EventManager : Event: ======'player_slingshots_active'====== Args={'value': 0, 'prev_value': 0, 'change': 0, 'player_num': 1}
2026-07-02 21:30:37,026 : INFO : EventManager : Event: ======'player_targets_active'====== Args={'value': 0, 'prev_value': 0, 'change': 0, 'player_num': 1}
2026-07-02 21:30:37,026 : INFO : EventManager : Event: ======'player_vuk_active'====== Args={'value': 0, 'prev_value': 0, 'change': 0, 'player_num': 1}
2026-07-02 21:30:37,030 : INFO : EventManager : Event: ======'player_travel_progress'====== Args={'value': 0, 'prev_value': 0, 'change': 0, 'player_num': 1}
2026-07-02 21:30:37,031 : INFO : EventManager : Event: ======'player_travel_time_remaining_travel_dirtmouth_to_frogotten_crossroads'====== Args={'value': 40.0, 'prev_value': 40.0, 'change': 0, 'player_num': 1}
2026-07-02 21:30:37,031 : INFO : EventManager : Event: ======'player_travel_shots_remaining_travel_dirtmouth_to_frogotten_crossroads'====== Args={'value': 2, 'prev_value': 2, 'change': 0, 'player_num': 1}
2026-07-02 21:30:37,031 : INFO : EventManager : Event: ======'player_frogotten_crossroads_active'====== Args={'value': 0, 'prev_value': 0, 'change': 0, 'player_num': 1}
2026-07-02 21:30:37,032 : INFO : EventManager : Event: ======'player_masks'====== Args={'value': 5, 'prev_value': 5, 'change': 0, 'player_num': 1}
2026-07-02 21:30:37,032 : INFO : EventManager : Event: ======'player_max_masks'====== Args={'value': 5, 'prev_value': 5, 'change': 0, 'player_num': 1}
2026-07-02 21:30:37,032 : INFO : EventManager : Event: ======'player_soul'====== Args={'value': 0, 'prev_value': 0, 'change': 0, 'player_num': 1}
2026-07-02 21:30:37,032 : INFO : EventManager : Event: ======'player_max_soul'====== Args={'value': 9, 'prev_value': 9, 'change': 0, 'player_num': 1}
2026-07-02 21:30:37,032 : INFO : EventManager : Event: ======'player_score'====== Args={'value': 0, 'prev_value': 0, 'change': 0, 'player_num': 1}
2026-07-02 21:30:37,033 : INFO : EventManager : Event: ======'game_started'====== Args={}
2026-07-02 21:30:37,033 : INFO : EventManager : Event: ======'player_turn_will_start'====== Args={'player': <Player 1>, 'number': 1}
2026-07-02 21:30:37,034 : INFO : EventManager : Event: ======'player_turn_starting'====== Args={'player': <Player 1>, 'number': 1}
2026-07-02 21:30:37,034 : INFO : EventManager : Event: ======'player_ball'====== Args={'value': 1, 'prev_value': 0, 'change': 1, 'player_num': 1}
2026-07-02 21:30:37,034 : INFO : EventManager : Event: ======'player_turn_started'====== Args={'player': <Player 1>, 'number': 1}
2026-07-02 21:30:37,042 : INFO : EventManager : Event: ======'ball_will_start'====== Args={'player': 1, 'ball': 1, 'balls_remaining': 2, 'is_extra_ball': False}
2026-07-02 21:30:37,042 : INFO : EventManager : Event: ======'ball_starting'====== Args={'player': 1, 'ball': 1, 'balls_remaining': 2, 'is_extra_ball': False}
2026-07-02 21:30:37,043 : INFO : EventManager : Event: ======'mode_base_will_start'====== Args={'queue': <QueuedEvent>, 'player': 1, 'ball': 1, 'balls_remaining': 2, 'is_extra_ball': False}
2026-07-02 21:30:37,044 : INFO : EventManager : Event: ======'mode_base_starting'====== Args={'queue': <QueuedEvent>, 'player': 1, 'ball': 1, 'balls_remaining': 2, 'is_extra_ball': False}
2026-07-02 21:30:37,044 : INFO : Mode.base : Started. Priority: 100
2026-07-02 21:30:37,044 : INFO : EventManager : Event: ======'modes_active_modes_changed'====== Args={}
2026-07-02 21:30:37,044 : INFO : EventManager : Event: ======'mode_base_started'====== Args={'queue': <QueuedEvent>, 'player': 1, 'ball': 1, 'balls_remaining': 2, 'is_extra_ball': False}
2026-07-02 21:30:37,044 : INFO : EventManager : Event: ======'start_mode_right_orbit'====== Args={'priority': 0}
2026-07-02 21:30:37,044 : INFO : EventManager : Event: ======'start_mode_slingshots'====== Args={'priority': 0}
2026-07-02 21:30:37,044 : INFO : EventManager : Event: ======'start_mode_lanes'====== Args={'priority': 0}
2026-07-02 21:30:37,045 : INFO : EventManager : Event: ======'start_mode_vuk'====== Args={'priority': 0}
2026-07-02 21:30:37,045 : INFO : EventManager : Event: ======'start_mode_ramp'====== Args={'priority': 0}
2026-07-02 21:30:37,045 : INFO : EventManager : Event: ======'start_mode_left_orbit'====== Args={'priority': 0}
2026-07-02 21:30:37,045 : INFO : EventManager : Event: ======'start_mode_lane_to_pop'====== Args={'priority': 0}
2026-07-02 21:30:37,045 : INFO : EventManager : Event: ======'start_mode_saucer'====== Args={'priority': 0}
2026-07-02 21:30:37,045 : INFO : EventManager : Event: ======'start_mode_targets'====== Args={'priority': 0}
2026-07-02 21:30:37,045 : INFO : EventManager : Event: ======'start_mode_pop_bumper'====== Args={'priority': 0}
2026-07-02 21:30:37,045 : INFO : EventManager : Event: ======'start_mode_dirtmouth'====== Args={'priority': 0}
2026-07-02 21:30:37,045 : INFO : EventManager : Event: ======'start_mode_mask_controller'====== Args={'priority': 0}
2026-07-02 21:30:37,045 : INFO : EventManager : Event: ======'mode_right_orbit_will_start'====== Args={'priority': 0}
2026-07-02 21:30:37,046 : INFO : EventManager : Event: ======'player_shot_right_orbit_enabled'====== Args={'value': True, 'prev_value': 0, 'change': 1, 'player_num': 1}
2026-07-02 21:30:37,046 : INFO : EventManager : Event: ======'mode_right_orbit_starting'====== Args={'priority': 0}
2026-07-02 21:30:37,046 : INFO : EventManager : Event: ======'mode_slingshots_will_start'====== Args={'priority': 0}
2026-07-02 21:30:37,047 : INFO : EventManager : Event: ======'player_shot_top_left_slingshot_enabled'====== Args={'value': True, 'prev_value': 0, 'change': 1, 'player_num': 1}
2026-07-02 21:30:37,047 : INFO : EventManager : Event: ======'player_shot_bottom_left_slingshot_enabled'====== Args={'value': True, 'prev_value': 0, 'change': 1, 'player_num': 1}
2026-07-02 21:30:37,047 : INFO : EventManager : Event: ======'player_shot_top_right_slingshot_enabled'====== Args={'value': True, 'prev_value': 0, 'change': 1, 'player_num': 1}
2026-07-02 21:30:37,047 : INFO : EventManager : Event: ======'player_shot_bottom_right_slingshot_enabled'====== Args={'value': True, 'prev_value': 0, 'change': 1, 'player_num': 1}
2026-07-02 21:30:37,048 : INFO : EventManager : Event: ======'slingshots_complete'====== Args={'state': 'unlit'}
2026-07-02 21:30:37,048 : INFO : EventManager : Event: ======'slingshots_unlit_complete'====== Args={}
2026-07-02 21:30:37,049 : INFO : EventManager : Event: ======'mode_slingshots_starting'====== Args={'priority': 0}
2026-07-02 21:30:37,049 : INFO : EventManager : Event: ======'mode_lanes_will_start'====== Args={'priority': 0}
2026-07-02 21:30:37,049 : INFO : EventManager : Event: ======'player_shot_left_outlane_enabled'====== Args={'value': True, 'prev_value': 0, 'change': 1, 'player_num': 1}
2026-07-02 21:30:37,049 : INFO : EventManager : Event: ======'player_shot_left_inlane_enabled'====== Args={'value': True, 'prev_value': 0, 'change': 1, 'player_num': 1}
2026-07-02 21:30:37,049 : INFO : EventManager : Event: ======'player_shot_right_inlane_enabled'====== Args={'value': True, 'prev_value': 0, 'change': 1, 'player_num': 1}
2026-07-02 21:30:37,050 : INFO : EventManager : Event: ======'player_shot_right_outlane_enabled'====== Args={'value': True, 'prev_value': 0, 'change': 1, 'player_num': 1}
2026-07-02 21:30:37,050 : INFO : EventManager : Event: ======'lanes_complete'====== Args={'state': 'unlit'}
2026-07-02 21:30:37,050 : INFO : EventManager : Event: ======'lanes_unlit_complete'====== Args={}
2026-07-02 21:30:37,051 : INFO : EventManager : Event: ======'mode_lanes_starting'====== Args={'priority': 0}
2026-07-02 21:30:37,051 : INFO : EventManager : Event: ======'mode_vuk_will_start'====== Args={'priority': 0}
2026-07-02 21:30:37,051 : INFO : EventManager : Event: ======'player_shot_vuk_enabled'====== Args={'value': True, 'prev_value': 0, 'change': 1, 'player_num': 1}
2026-07-02 21:30:37,052 : INFO : EventManager : Event: ======'mode_vuk_starting'====== Args={'priority': 0}
2026-07-02 21:30:37,052 : INFO : EventManager : Event: ======'mode_ramp_will_start'====== Args={'priority': 0}
2026-07-02 21:30:37,052 : INFO : EventManager : Event: ======'player_shot_ramp_enabled'====== Args={'value': True, 'prev_value': 0, 'change': 1, 'player_num': 1}
2026-07-02 21:30:37,053 : INFO : EventManager : Event: ======'mode_ramp_starting'====== Args={'priority': 0}
2026-07-02 21:30:37,053 : INFO : EventManager : Event: ======'mode_left_orbit_will_start'====== Args={'priority': 0}
2026-07-02 21:30:37,053 : INFO : EventManager : Event: ======'player_shot_left_orbit_enabled'====== Args={'value': True, 'prev_value': 0, 'change': 1, 'player_num': 1}
2026-07-02 21:30:37,053 : INFO : EventManager : Event: ======'mode_left_orbit_starting'====== Args={'priority': 0}
2026-07-02 21:30:37,053 : INFO : EventManager : Event: ======'mode_lane_to_pop_will_start'====== Args={'priority': 0}
2026-07-02 21:30:37,053 : INFO : EventManager : Event: ======'player_shot_lane_to_pop_enabled'====== Args={'value': True, 'prev_value': 0, 'change': 1, 'player_num': 1}
2026-07-02 21:30:37,054 : INFO : EventManager : Event: ======'mode_lane_to_pop_starting'====== Args={'priority': 0}
2026-07-02 21:30:37,054 : INFO : EventManager : Event: ======'mode_saucer_will_start'====== Args={'priority': 0}
2026-07-02 21:30:37,054 : INFO : EventManager : Event: ======'player_shot_saucer_enabled'====== Args={'value': True, 'prev_value': 0, 'change': 1, 'player_num': 1}
2026-07-02 21:30:37,054 : INFO : EventManager : Event: ======'mode_saucer_starting'====== Args={'priority': 0}
2026-07-02 21:30:37,055 : INFO : EventManager : Event: ======'mode_targets_will_start'====== Args={'priority': 0}
2026-07-02 21:30:37,055 : INFO : EventManager : Event: ======'player_shot_front_left_target_enabled'====== Args={'value': True, 'prev_value': 0, 'change': 1, 'player_num': 1}
2026-07-02 21:30:37,055 : INFO : EventManager : Event: ======'player_shot_front_middle_target_enabled'====== Args={'value': True, 'prev_value': 0, 'change': 1, 'player_num': 1}
2026-07-02 21:30:37,055 : INFO : EventManager : Event: ======'player_shot_front_right_target_enabled'====== Args={'value': True, 'prev_value': 0, 'change': 1, 'player_num': 1}
2026-07-02 21:30:37,055 : INFO : EventManager : Event: ======'player_shot_back_left_target_enabled'====== Args={'value': True, 'prev_value': 0, 'change': 1, 'player_num': 1}
2026-07-02 21:30:37,056 : INFO : EventManager : Event: ======'player_shot_bakc_middle_left_target_enabled'====== Args={'value': True, 'prev_value': 0, 'change': 1, 'player_num': 1}
2026-07-02 21:30:37,056 : INFO : EventManager : Event: ======'player_shot_back_middle_right_target_enabled'====== Args={'value': True, 'prev_value': 0, 'change': 1, 'player_num': 1}
2026-07-02 21:30:37,056 : INFO : EventManager : Event: ======'player_shot_back_right_target_enabled'====== Args={'value': True, 'prev_value': 0, 'change': 1, 'player_num': 1}
2026-07-02 21:30:37,056 : INFO : EventManager : Event: ======'targets_complete'====== Args={'state': 'unlit'}
2026-07-02 21:30:37,056 : INFO : EventManager : Event: ======'targets_unlit_complete'====== Args={}
2026-07-02 21:30:37,057 : INFO : EventManager : Event: ======'mode_targets_starting'====== Args={'priority': 0}
2026-07-02 21:30:37,057 : INFO : EventManager : Event: ======'mode_pop_bumper_will_start'====== Args={'priority': 0}
2026-07-02 21:30:37,057 : INFO : EventManager : Event: ======'player_shot_pop_bumper_enabled'====== Args={'value': True, 'prev_value': 0, 'change': 1, 'player_num': 1}
2026-07-02 21:30:37,057 : INFO : EventManager : Event: ======'mode_pop_bumper_starting'====== Args={'priority': 0}
2026-07-02 21:30:37,057 : INFO : EventManager : Event: ======'mode_dirtmouth_will_start'====== Args={'priority': 0}
2026-07-02 21:30:37,058 : INFO : EventManager : Event: ======'player_shot_vuk_dirtmouth_enabled'====== Args={'value': True, 'prev_value': 0, 'change': 1, 'player_num': 1}
2026-07-02 21:30:37,058 : INFO : EventManager : Event: ======'player_shot_saucer_dirtmouth_enabled'====== Args={'value': True, 'prev_value': 0, 'change': 1, 'player_num': 1}
2026-07-02 21:30:37,058 : INFO : EventManager : Event: ======'locks_dirtmouth_complete'====== Args={'state': 'unlit'}
2026-07-02 21:30:37,058 : INFO : EventManager : Event: ======'locks_dirtmouth_unlit_complete'====== Args={}
2026-07-02 21:30:37,058 : INFO : EventManager : Event: ======'mode_dirtmouth_starting'====== Args={'priority': 0}
2026-07-02 21:30:37,059 : INFO : EventManager : Event: ======'mode_mask_controller_will_start'====== Args={'priority': 0}
2026-07-02 21:30:37,059 : INFO : EventManager : Event: ======'player_shot_lane_to_pop_mask_enabled'====== Args={'value': True, 'prev_value': 0, 'change': 1, 'player_num': 1}
2026-07-02 21:30:37,059 : INFO : EventManager : Event: ======'player_shot_left_orbit_mask_enabled'====== Args={'value': True, 'prev_value': 0, 'change': 1, 'player_num': 1}
2026-07-02 21:30:37,059 : INFO : EventManager : Event: ======'player_shot_ramp_mask_enabled'====== Args={'value': True, 'prev_value': 0, 'change': 1, 'player_num': 1}
2026-07-02 21:30:37,059 : INFO : EventManager : Event: ======'player_shot_right_orbit_mask_enabled'====== Args={'value': True, 'prev_value': 0, 'change': 1, 'player_num': 1}
2026-07-02 21:30:37,059 : INFO : EventManager : Event: ======'player_shot_saucer_mask_enabled'====== Args={'value': True, 'prev_value': 0, 'change': 1, 'player_num': 1}
2026-07-02 21:30:37,060 : INFO : EventManager : Event: ======'player_shot_front_left_target_mask_enabled'====== Args={'value': True, 'prev_value': 0, 'change': 1, 'player_num': 1}
2026-07-02 21:30:37,060 : INFO : EventManager : Event: ======'player_shot_front_middle_target_mask_enabled'====== Args={'value': True, 'prev_value': 0, 'change': 1, 'player_num': 1}
2026-07-02 21:30:37,060 : INFO : EventManager : Event: ======'player_shot_front_right_target_mask_enabled'====== Args={'value': True, 'prev_value': 0, 'change': 1, 'player_num': 1}
2026-07-02 21:30:37,060 : INFO : EventManager : Event: ======'player_shot_back_left_target_mask_enabled'====== Args={'value': True, 'prev_value': 0, 'change': 1, 'player_num': 1}
2026-07-02 21:30:37,060 : INFO : EventManager : Event: ======'player_shot_back_middle_left_target_mask_enabled'====== Args={'value': True, 'prev_value': 0, 'change': 1, 'player_num': 1}
2026-07-02 21:30:37,060 : INFO : EventManager : Event: ======'player_shot_back_middle_right_target_mask_enabled'====== Args={'value': True, 'prev_value': 0, 'change': 1, 'player_num': 1}
2026-07-02 21:30:37,061 : INFO : EventManager : Event: ======'player_shot_back_right_target_mask_enabled'====== Args={'value': True, 'prev_value': 0, 'change': 1, 'player_num': 1}
2026-07-02 21:30:37,061 : INFO : EventManager : Event: ======'mask_update_complete'====== Args={'state': 'unlit'}
2026-07-02 21:30:37,061 : INFO : EventManager : Event: ======'mask_update_unlit_complete'====== Args={}
2026-07-02 21:30:37,062 : INFO : EventManager : Event: ======'mode_mask_controller_starting'====== Args={'priority': 0}
2026-07-02 21:30:37,062 : INFO : Mode.mask_controller : Started. Priority: 125
2026-07-02 21:30:37,062 : INFO : EventManager : Event: ======'modes_active_modes_changed'====== Args={}
2026-07-02 21:30:37,062 : INFO : EventManager : Event: ======'mode_mask_controller_started'====== Args={'priority': 0}
2026-07-02 21:30:37,062 : INFO : Mode.dirtmouth : Started. Priority: 250
2026-07-02 21:30:37,062 : INFO : EventManager : Event: ======'modes_active_modes_changed'====== Args={}
2026-07-02 21:30:37,062 : INFO : EventManager : Event: ======'mode_dirtmouth_started'====== Args={'priority': 0}
2026-07-02 21:30:37,063 : INFO : EventManager : Event: ======'player_dirtmouth_active'====== Args={'value': 1, 'prev_value': 0, 'change': 1, 'player_num': 1, 'source': 'dirtmouth'}
2026-07-02 21:30:37,063 : INFO : Mode.pop_bumper : Started. Priority: 150
2026-07-02 21:30:37,063 : INFO : EventManager : Event: ======'modes_active_modes_changed'====== Args={}
2026-07-02 21:30:37,063 : INFO : EventManager : Event: ======'mode_pop_bumper_started'====== Args={'priority': 0}
2026-07-02 21:30:37,063 : INFO : EventManager : Event: ======'player_pop_bumper_active'====== Args={'value': 1, 'prev_value': 0, 'change': 1, 'player_num': 1, 'source': 'pop_bumper'}
2026-07-02 21:30:37,063 : INFO : Mode.targets : Started. Priority: 175
2026-07-02 21:30:37,063 : INFO : EventManager : Event: ======'modes_active_modes_changed'====== Args={}
2026-07-02 21:30:37,063 : INFO : EventManager : Event: ======'mode_targets_started'====== Args={'priority': 0}
2026-07-02 21:30:37,063 : INFO : EventManager : Event: ======'player_targets_active'====== Args={'value': 1, 'prev_value': 0, 'change': 1, 'player_num': 1, 'source': 'targets'}
2026-07-02 21:30:37,063 : INFO : Mode.saucer : Started. Priority: 200
2026-07-02 21:30:37,063 : INFO : EventManager : Event: ======'modes_active_modes_changed'====== Args={}
2026-07-02 21:30:37,063 : INFO : EventManager : Event: ======'mode_saucer_started'====== Args={'priority': 0}
2026-07-02 21:30:37,064 : INFO : EventManager : Event: ======'player_saucer_active'====== Args={'value': 1, 'prev_value': 0, 'change': 1, 'player_num': 1, 'source': 'saucer'}
2026-07-02 21:30:37,064 : INFO : Mode.lane_to_pop : Started. Priority: 200
2026-07-02 21:30:37,064 : INFO : EventManager : Event: ======'modes_active_modes_changed'====== Args={}
2026-07-02 21:30:37,064 : INFO : EventManager : Event: ======'mode_lane_to_pop_started'====== Args={'priority': 0}
2026-07-02 21:30:37,064 : INFO : EventManager : Event: ======'player_lane_to_pop_active'====== Args={'value': 1, 'prev_value': 0, 'change': 1, 'player_num': 1, 'source': 'lane_to_pop'}
2026-07-02 21:30:37,064 : INFO : Mode.left_orbit : Started. Priority: 200
2026-07-02 21:30:37,064 : INFO : EventManager : Event: ======'modes_active_modes_changed'====== Args={}
2026-07-02 21:30:37,064 : INFO : EventManager : Event: ======'mode_left_orbit_started'====== Args={'priority': 0}
2026-07-02 21:30:37,064 : INFO : EventManager : Event: ======'player_left_orbit_active'====== Args={'value': 1, 'prev_value': 0, 'change': 1, 'player_num': 1, 'source': 'left_orbit'}
2026-07-02 21:30:37,064 : INFO : Mode.ramp : Started. Priority: 200
2026-07-02 21:30:37,064 : INFO : EventManager : Event: ======'modes_active_modes_changed'====== Args={}
2026-07-02 21:30:37,064 : INFO : EventManager : Event: ======'mode_ramp_started'====== Args={'priority': 0}
2026-07-02 21:30:37,065 : INFO : EventManager : Event: ======'player_ramp_active'====== Args={'value': 1, 'prev_value': 0, 'change': 1, 'player_num': 1, 'source': 'ramp'}
2026-07-02 21:30:37,065 : INFO : Mode.vuk : Started. Priority: 200
2026-07-02 21:30:37,065 : INFO : EventManager : Event: ======'modes_active_modes_changed'====== Args={}
2026-07-02 21:30:37,065 : INFO : EventManager : Event: ======'mode_vuk_started'====== Args={'priority': 0}
2026-07-02 21:30:37,065 : INFO : EventManager : Event: ======'player_vuk_active'====== Args={'value': 1, 'prev_value': 0, 'change': 1, 'player_num': 1, 'source': 'vuk'}
2026-07-02 21:30:37,065 : INFO : Mode.lanes : Started. Priority: 150
2026-07-02 21:30:37,065 : INFO : EventManager : Event: ======'modes_active_modes_changed'====== Args={}
2026-07-02 21:30:37,065 : INFO : EventManager : Event: ======'mode_lanes_started'====== Args={'priority': 0}
2026-07-02 21:30:37,065 : INFO : EventManager : Event: ======'player_lanes_active'====== Args={'value': 1, 'prev_value': 0, 'change': 1, 'player_num': 1, 'source': 'lanes'}
2026-07-02 21:30:37,065 : INFO : Mode.slingshots : Started. Priority: 150
2026-07-02 21:30:37,065 : INFO : EventManager : Event: ======'modes_active_modes_changed'====== Args={}
2026-07-02 21:30:37,065 : INFO : EventManager : Event: ======'mode_slingshots_started'====== Args={'priority': 0}
2026-07-02 21:30:37,066 : INFO : EventManager : Event: ======'player_slingshots_active'====== Args={'value': 1, 'prev_value': 0, 'change': 1, 'player_num': 1, 'source': 'slingshots'}
2026-07-02 21:30:37,066 : INFO : Mode.right_orbit : Started. Priority: 200
2026-07-02 21:30:37,066 : INFO : EventManager : Event: ======'modes_active_modes_changed'====== Args={}
2026-07-02 21:30:37,066 : INFO : EventManager : Event: ======'mode_right_orbit_started'====== Args={'priority': 0}
2026-07-02 21:30:37,066 : INFO : EventManager : Event: ======'player_right_orbit_active'====== Args={'value': 1, 'prev_value': 0, 'change': 1, 'player_num': 1, 'source': 'right_orbit'}
2026-07-02 21:30:37,066 : INFO : EventManager : Event: ======'balls_in_play'====== Args={'balls': 1}
2026-07-02 21:30:37,066 : INFO : EventManager : Event: ======'ball_started'====== Args={'player': 1, 'ball': 1, 'balls_remaining': 2, 'is_extra_ball': False}
2026-07-02 21:30:37,067 : INFO : EventManager : Event: ======'single_player_ball_started'====== Args={}
2026-07-02 21:30:37,067 : INFO : EventManager : Event: ======'ball_start_target'====== Args={'target': 'playfield'}
2026-07-02 21:30:37,067 : INFO : ball_device.bd_trough : Setting up player-controlled eject. Balls: 1, Target: <playfield.playfield>, player_controlled_eject_event: None
2026-07-02 21:30:37,067 : INFO : ball_device.bd_trough : Adding 1 ball(s) to the eject_queue with target <playfield.playfield>.
2026-07-02 21:30:37,067 : INFO : EventManager : Event: ======'balldevice_balls_available'====== Args={}
2026-07-02 21:30:37,068 : INFO : ball_device.bd_trough : State: waiting_for_target_ready
2026-07-02 21:30:37,068 : INFO : EventManager : Event: ======'balldevice_bd_trough_ball_eject_attempt'====== Args={'balls': 1, 'target': <ball_device.bd_plunger>, 'source': <ball_device.bd_trough>, 'mechanical_eject': False, 'num_attempts': 0}
2026-07-02 21:30:37,068 : INFO : ball_device.bd_plunger : State: waiting_for_ball
2026-07-02 21:30:37,068 : INFO : ball_device.bd_trough : State: ejecting
2026-07-02 21:30:37,068 : INFO : ball_device.bd_trough : Ejecting ball to <ball_device.bd_plunger>
2026-07-02 21:30:37,068 : INFO : EventManager : Event: ======'balldevice_bd_trough_ejecting_ball'====== Args={'balls': 1, 'target': <ball_device.bd_plunger>, 'source': <ball_device.bd_trough>, 'mechanical_eject': False, 'num_attempts': 0}
2026-07-02 21:30:37,068 : INFO : ball_device.bd_trough : Wait for ball to leave device
2026-07-02 21:30:37,069 : INFO : coil.c_trough_eject : Pulsing Driver for 10ms (1.0 pulse_power)
2026-07-02 21:30:37,069 : INFO : SwitchController : <<<<<<< 's_trough_1' inactive >>>>>>>
2026-07-02 21:30:37,069 : INFO : ball_device.bd_trough : State: ball_left
2026-07-02 21:30:37,069 : INFO : ball_device.bd_trough : Ball left
2026-07-02 21:30:37,069 : INFO : ball_device.bd_trough : Wait for confirm with timeout 10.0
2026-07-02 21:30:37,079 : INFO : EventManager : Event: ======'slide_base_created'====== Args={'_from_bcp': True}
2026-07-02 21:30:37,079 : INFO : EventManager : Event: ======'slide_attract_inactive'====== Args={'is_removing': True, '_from_bcp': True}
2026-07-02 21:30:37,079 : INFO : EventManager : Event: ======'slide_base_active'====== Args={'original_context': 'base', 'original_calling_context': 'mode_base_started', 'priority': 100.0, 'queue': '<QueuedEvent>', 'player': 1.0, 'ball': 1.0, 'balls_remaining': 2.0, 'is_extra_ball': False, 'cmd': 'slides_play', '_from_bcp': True}
2026-07-02 21:30:37,079 : INFO : EventManager : Event: ======'slide_attract_removed'====== Args={'_from_bcp': True}
2026-07-02 21:30:37,170 : INFO : SwitchController : <<<<<<< 's_plunger_lane' active >>>>>>>
2026-07-02 21:30:37,170 : INFO : EventManager : Event: ======'machine_var_audits_switches_s_plunger_lane'====== Args={'value': 352, 'prev_value': 351, 'change': 1}
2026-07-02 21:30:37,291 : INFO : EventManager : Event: ======'slide_dirtmouth_created'====== Args={'_from_bcp': True}
2026-07-02 21:30:37,292 : INFO : EventManager : Event: ======'slide_base_inactive'====== Args={'is_removing': False, '_from_bcp': True}
2026-07-02 21:30:37,293 : INFO : EventManager : Event: ======'slide_dirtmouth_active'====== Args={'original_context': 'dirtmouth', 'original_calling_context': 'mode_dirtmouth_started', 'priority': 250.0, 'cmd': 'slides_play', '_from_bcp': True}
2026-07-02 21:30:37,671 : INFO : ball_device.bd_plunger : Received ball from <ball_device.bd_trough>
2026-07-02 21:30:37,671 : INFO : EventManager : Event: ======'balldevice_bd_plunger_ball_enter'====== Args={'new_balls': 1, 'unclaimed_balls': 0, 'new_available_balls': 0, 'device': <ball_device.bd_plunger>}
2026-07-02 21:30:37,672 : INFO : EventManager : Event: ======'balldevice_bd_plunger_ball_entered'====== Args={'new_balls': 0, 'device': <ball_device.bd_plunger>}
2026-07-02 21:30:37,672 : INFO : EventManager : Event: ======'balldevice_bd_plunger_ball_count_changed'====== Args={'balls': 1}
2026-07-02 21:30:37,672 : INFO : ball_device.bd_trough : Got eject confirm
2026-07-02 21:30:37,672 : INFO : ball_device.bd_trough : Eject successful
2026-07-02 21:30:37,672 : INFO : EventManager : Event: ======'balldevice_bd_trough_ball_eject_success'====== Args={'balls': 1, 'target': <ball_device.bd_plunger>}
2026-07-02 21:30:37,673 : INFO : EventManager : Event: ======'balldevice_bd_trough_ball_count_changed'====== Args={'balls': 2}
2026-07-02 21:30:37,673 : INFO : ball_device.bd_trough : State: idle
2026-07-02 21:30:37,673 : INFO : ball_device.bd_plunger : State: waiting_for_target_ready
2026-07-02 21:30:37,673 : INFO : EventManager : Event: ======'balldevice_bd_plunger_ball_eject_attempt'====== Args={'balls': 1, 'target': <playfield.playfield>, 'source': <ball_device.bd_plunger>, 'mechanical_eject': False, 'num_attempts': 0}
2026-07-02 21:30:37,673 : INFO : ball_device.bd_plunger : State: ejecting
2026-07-02 21:30:37,673 : INFO : ball_device.bd_plunger : Ejecting ball to <playfield.playfield>
2026-07-02 21:30:37,673 : INFO : EventManager : Event: ======'balldevice_bd_plunger_ejecting_ball'====== Args={'balls': 1, 'target': <playfield.playfield>, 'source': <ball_device.bd_plunger>, 'mechanical_eject': False, 'num_attempts': 0}
2026-07-02 21:30:37,674 : INFO : ball_device.bd_plunger : Wait for ball to leave device
2026-07-02 21:30:47,675 : INFO : EventManager : Event: ======'balldevice_bd_plunger_ball_eject_failed'====== Args={'target': <playfield.playfield>, 'balls': 1, 'retry': True, 'num_attempts': 1}
2026-07-02 21:30:47,677 : INFO : ball_device.bd_plunger : State: waiting_for_target_ready
2026-07-02 21:30:47,678 : INFO : EventManager : Event: ======'balldevice_bd_plunger_ball_eject_attempt'====== Args={'balls': 1, 'target': <playfield.playfield>, 'source': <ball_device.bd_plunger>, 'mechanical_eject': False, 'num_attempts': 1}
2026-07-02 21:30:47,678 : INFO : ball_device.bd_plunger : State: ejecting
2026-07-02 21:30:47,678 : INFO : ball_device.bd_plunger : Ejecting ball to <playfield.playfield>
2026-07-02 21:30:47,678 : INFO : EventManager : Event: ======'balldevice_bd_plunger_ejecting_ball'====== Args={'balls': 1, 'target': <playfield.playfield>, 'source': <ball_device.bd_plunger>, 'mechanical_eject': False, 'num_attempts': 1}
2026-07-02 21:30:47,679 : INFO : ball_device.bd_plunger : Wait for ball to leave device
2026-07-02 21:30:47,838 : INFO : SwitchController : <<<<<<< 's_start' active >>>>>>>
2026-07-02 21:30:47,838 : INFO : EventManager : Event: ======'sw_start'====== Args={}
2026-07-02 21:30:47,839 : INFO : EventManager : Event: ======'machine_var_audits_switches_s_start'====== Args={'value': 64, 'prev_value': 63, 'change': 1}
2026-07-02 21:30:47,839 : INFO : EventManager : Event: ======'player_add_request'====== Args={}
2026-07-02 21:30:47,839 : INFO : EventManager : Event: ======'player_will_add'====== Args={'number': 2}
2026-07-02 21:30:47,840 : INFO : EventManager : Event: ======'player_adding'====== Args={'player': <Player 2>, 'number': 2}
2026-07-02 21:30:47,840 : INFO : EventManager : Event: ======'player_added'====== Args={'player': <Player 2>, 'num': 2}
2026-07-02 21:30:47,843 : INFO : Mode.game : Player added successfully. Total players: 2
2026-07-02 21:30:47,843 : INFO : EventManager : Event: ======'multiplayer_game'====== Args={}
2026-07-02 21:30:47,843 : INFO : EventManager : Event: ======'player_index'====== Args={'value': 1, 'prev_value': 1, 'change': 0, 'player_num': 2}
2026-07-02 21:30:47,844 : INFO : EventManager : Event: ======'player_number'====== Args={'value': 2, 'prev_value': 2, 'change': 0, 'player_num': 2}
2026-07-02 21:30:47,844 : INFO : EventManager : Event: ======'player_dirtmouth_active'====== Args={'value': 0, 'prev_value': 0, 'change': 0, 'player_num': 2}
2026-07-02 21:30:47,844 : INFO : EventManager : Event: ======'player_mode_active'====== Args={'value': 0, 'prev_value': 0, 'change': 0, 'player_num': 2}
2026-07-02 21:30:47,844 : INFO : EventManager : Event: ======'player_lane_to_pop_active'====== Args={'value': 0, 'prev_value': 0, 'change': 0, 'player_num': 2}
2026-07-02 21:30:47,844 : INFO : EventManager : Event: ======'player_lanes_active'====== Args={'value': 0, 'prev_value': 0, 'change': 0, 'player_num': 2}
2026-07-02 21:30:47,844 : INFO : EventManager : Event: ======'player_left_orbit_active'====== Args={'value': 0, 'prev_value': 0, 'change': 0, 'player_num': 2}
2026-07-02 21:30:47,844 : INFO : EventManager : Event: ======'player_pop_bumper_active'====== Args={'value': 0, 'prev_value': 0, 'change': 0, 'player_num': 2}
2026-07-02 21:30:47,844 : INFO : EventManager : Event: ======'player_ramp_active'====== Args={'value': 0, 'prev_value': 0, 'change': 0, 'player_num': 2}
2026-07-02 21:30:47,845 : INFO : EventManager : Event: ======'player_right_orbit_active'====== Args={'value': 0, 'prev_value': 0, 'change': 0, 'player_num': 2}
2026-07-02 21:30:47,845 : INFO : EventManager : Event: ======'player_saucer_active'====== Args={'value': 0, 'prev_value': 0, 'change': 0, 'player_num': 2}
2026-07-02 21:30:47,845 : INFO : EventManager : Event: ======'player_slingshots_active'====== Args={'value': 0, 'prev_value': 0, 'change': 0, 'player_num': 2}
2026-07-02 21:30:47,845 : INFO : EventManager : Event: ======'player_targets_active'====== Args={'value': 0, 'prev_value': 0, 'change': 0, 'player_num': 2}
2026-07-02 21:30:47,845 : INFO : EventManager : Event: ======'player_vuk_active'====== Args={'value': 0, 'prev_value': 0, 'change': 0, 'player_num': 2}
2026-07-02 21:30:47,845 : INFO : EventManager : Event: ======'player_travel_progress'====== Args={'value': 0, 'prev_value': 0, 'change': 0, 'player_num': 2}
2026-07-02 21:30:47,845 : INFO : EventManager : Event: ======'player_travel_time_remaining_travel_dirtmouth_to_frogotten_crossroads'====== Args={'value': 40.0, 'prev_value': 40.0, 'change': 0, 'player_num': 2}
2026-07-02 21:30:47,845 : INFO : EventManager : Event: ======'player_travel_shots_remaining_travel_dirtmouth_to_frogotten_crossroads'====== Args={'value': 2, 'prev_value': 2, 'change': 0, 'player_num': 2}
2026-07-02 21:30:47,845 : INFO : EventManager : Event: ======'player_frogotten_crossroads_active'====== Args={'value': 0, 'prev_value': 0, 'change': 0, 'player_num': 2}
2026-07-02 21:30:47,846 : INFO : EventManager : Event: ======'player_masks'====== Args={'value': 5, 'prev_value': 5, 'change': 0, 'player_num': 2}
2026-07-02 21:30:47,846 : INFO : EventManager : Event: ======'player_max_masks'====== Args={'value': 5, 'prev_value': 5, 'change': 0, 'player_num': 2}
2026-07-02 21:30:47,846 : INFO : EventManager : Event: ======'player_soul'====== Args={'value': 0, 'prev_value': 0, 'change': 0, 'player_num': 2}
2026-07-02 21:30:47,846 : INFO : EventManager : Event: ======'player_max_soul'====== Args={'value': 9, 'prev_value': 9, 'change': 0, 'player_num': 2}
2026-07-02 21:30:47,846 : INFO : EventManager : Event: ======'player_score'====== Args={'value': 0, 'prev_value': 0, 'change': 0, 'player_num': 2}
2026-07-02 21:30:47,913 : INFO : SwitchController : <<<<<<< 's_start' inactive >>>>>>>
2026-07-02 21:30:48,300 : INFO : SwitchController : <<<<<<< 's_start' active >>>>>>>
2026-07-02 21:30:48,300 : INFO : EventManager : Event: ======'sw_start'====== Args={}
2026-07-02 21:30:48,301 : INFO : EventManager : Event: ======'machine_var_audits_switches_s_start'====== Args={'value': 65, 'prev_value': 64, 'change': 1}
2026-07-02 21:30:48,302 : INFO : EventManager : Event: ======'player_add_request'====== Args={}
2026-07-02 21:30:48,302 : INFO : EventManager : Event: ======'player_will_add'====== Args={'number': 3}
2026-07-02 21:30:48,303 : INFO : EventManager : Event: ======'player_adding'====== Args={'player': <Player 3>, 'number': 3}
2026-07-02 21:30:48,303 : INFO : EventManager : Event: ======'player_added'====== Args={'player': <Player 3>, 'num': 3}
2026-07-02 21:30:48,303 : INFO : Mode.game : Player added successfully. Total players: 3
2026-07-02 21:30:48,304 : INFO : EventManager : Event: ======'player_index'====== Args={'value': 2, 'prev_value': 2, 'change': 0, 'player_num': 3}
2026-07-02 21:30:48,304 : INFO : EventManager : Event: ======'player_number'====== Args={'value': 3, 'prev_value': 3, 'change': 0, 'player_num': 3}
2026-07-02 21:30:48,304 : INFO : EventManager : Event: ======'player_dirtmouth_active'====== Args={'value': 0, 'prev_value': 0, 'change': 0, 'player_num': 3}
2026-07-02 21:30:48,305 : INFO : EventManager : Event: ======'player_mode_active'====== Args={'value': 0, 'prev_value': 0, 'change': 0, 'player_num': 3}
2026-07-02 21:30:48,305 : INFO : EventManager : Event: ======'player_lane_to_pop_active'====== Args={'value': 0, 'prev_value': 0, 'change': 0, 'player_num': 3}
2026-07-02 21:30:48,306 : INFO : EventManager : Event: ======'player_lanes_active'====== Args={'value': 0, 'prev_value': 0, 'change': 0, 'player_num': 3}
2026-07-02 21:30:48,306 : INFO : EventManager : Event: ======'player_left_orbit_active'====== Args={'value': 0, 'prev_value': 0, 'change': 0, 'player_num': 3}
2026-07-02 21:30:48,306 : INFO : EventManager : Event: ======'player_pop_bumper_active'====== Args={'value': 0, 'prev_value': 0, 'change': 0, 'player_num': 3}
2026-07-02 21:30:48,307 : INFO : EventManager : Event: ======'player_ramp_active'====== Args={'value': 0, 'prev_value': 0, 'change': 0, 'player_num': 3}
2026-07-02 21:30:48,307 : INFO : EventManager : Event: ======'player_right_orbit_active'====== Args={'value': 0, 'prev_value': 0, 'change': 0, 'player_num': 3}
2026-07-02 21:30:48,308 : INFO : EventManager : Event: ======'player_saucer_active'====== Args={'value': 0, 'prev_value': 0, 'change': 0, 'player_num': 3}
2026-07-02 21:30:48,308 : INFO : EventManager : Event: ======'player_slingshots_active'====== Args={'value': 0, 'prev_value': 0, 'change': 0, 'player_num': 3}
2026-07-02 21:30:48,309 : INFO : EventManager : Event: ======'player_targets_active'====== Args={'value': 0, 'prev_value': 0, 'change': 0, 'player_num': 3}
2026-07-02 21:30:48,309 : INFO : EventManager : Event: ======'player_vuk_active'====== Args={'value': 0, 'prev_value': 0, 'change': 0, 'player_num': 3}
2026-07-02 21:30:48,310 : INFO : EventManager : Event: ======'player_travel_progress'====== Args={'value': 0, 'prev_value': 0, 'change': 0, 'player_num': 3}
2026-07-02 21:30:48,311 : INFO : EventManager : Event: ======'player_travel_time_remaining_travel_dirtmouth_to_frogotten_crossroads'====== Args={'value': 40.0, 'prev_value': 40.0, 'change': 0, 'player_num': 3}
2026-07-02 21:30:48,312 : INFO : EventManager : Event: ======'player_travel_shots_remaining_travel_dirtmouth_to_frogotten_crossroads'====== Args={'value': 2, 'prev_value': 2, 'change': 0, 'player_num': 3}
2026-07-02 21:30:48,312 : INFO : EventManager : Event: ======'player_frogotten_crossroads_active'====== Args={'value': 0, 'prev_value': 0, 'change': 0, 'player_num': 3}
2026-07-02 21:30:48,313 : INFO : EventManager : Event: ======'player_masks'====== Args={'value': 5, 'prev_value': 5, 'change': 0, 'player_num': 3}
2026-07-02 21:30:48,313 : INFO : EventManager : Event: ======'player_max_masks'====== Args={'value': 5, 'prev_value': 5, 'change': 0, 'player_num': 3}
2026-07-02 21:30:48,314 : INFO : EventManager : Event: ======'player_soul'====== Args={'value': 0, 'prev_value': 0, 'change': 0, 'player_num': 3}
2026-07-02 21:30:48,314 : INFO : EventManager : Event: ======'player_max_soul'====== Args={'value': 9, 'prev_value': 9, 'change': 0, 'player_num': 3}
2026-07-02 21:30:48,314 : INFO : EventManager : Event: ======'player_score'====== Args={'value': 0, 'prev_value': 0, 'change': 0, 'player_num': 3}
2026-07-02 21:30:48,397 : INFO : SwitchController : <<<<<<< 's_start' inactive >>>>>>>
2026-07-02 21:30:48,751 : INFO : SwitchController : <<<<<<< 's_start' active >>>>>>>
2026-07-02 21:30:48,751 : INFO : EventManager : Event: ======'sw_start'====== Args={}
2026-07-02 21:30:48,751 : INFO : EventManager : Event: ======'machine_var_audits_switches_s_start'====== Args={'value': 66, 'prev_value': 65, 'change': 1}
2026-07-02 21:30:48,752 : INFO : EventManager : Event: ======'player_add_request'====== Args={}
2026-07-02 21:30:48,752 : INFO : EventManager : Event: ======'player_will_add'====== Args={'number': 4}
2026-07-02 21:30:48,753 : INFO : EventManager : Event: ======'player_adding'====== Args={'player': <Player 4>, 'number': 4}
2026-07-02 21:30:48,753 : INFO : EventManager : Event: ======'player_added'====== Args={'player': <Player 4>, 'num': 4}
2026-07-02 21:30:48,754 : INFO : Mode.game : Player added successfully. Total players: 4
2026-07-02 21:30:48,754 : INFO : EventManager : Event: ======'player_index'====== Args={'value': 3, 'prev_value': 3, 'change': 0, 'player_num': 4}
2026-07-02 21:30:48,755 : INFO : EventManager : Event: ======'player_number'====== Args={'value': 4, 'prev_value': 4, 'change': 0, 'player_num': 4}
2026-07-02 21:30:48,755 : INFO : EventManager : Event: ======'player_dirtmouth_active'====== Args={'value': 0, 'prev_value': 0, 'change': 0, 'player_num': 4}
2026-07-02 21:30:48,755 : INFO : EventManager : Event: ======'player_mode_active'====== Args={'value': 0, 'prev_value': 0, 'change': 0, 'player_num': 4}
2026-07-02 21:30:48,756 : INFO : EventManager : Event: ======'player_lane_to_pop_active'====== Args={'value': 0, 'prev_value': 0, 'change': 0, 'player_num': 4}
2026-07-02 21:30:48,756 : INFO : EventManager : Event: ======'player_lanes_active'====== Args={'value': 0, 'prev_value': 0, 'change': 0, 'player_num': 4}
2026-07-02 21:30:48,756 : INFO : EventManager : Event: ======'player_left_orbit_active'====== Args={'value': 0, 'prev_value': 0, 'change': 0, 'player_num': 4}
2026-07-02 21:30:48,757 : INFO : EventManager : Event: ======'player_pop_bumper_active'====== Args={'value': 0, 'prev_value': 0, 'change': 0, 'player_num': 4}
2026-07-02 21:30:48,757 : INFO : EventManager : Event: ======'player_ramp_active'====== Args={'value': 0, 'prev_value': 0, 'change': 0, 'player_num': 4}
2026-07-02 21:30:48,757 : INFO : EventManager : Event: ======'player_right_orbit_active'====== Args={'value': 0, 'prev_value': 0, 'change': 0, 'player_num': 4}
2026-07-02 21:30:48,758 : INFO : EventManager : Event: ======'player_saucer_active'====== Args={'value': 0, 'prev_value': 0, 'change': 0, 'player_num': 4}
2026-07-02 21:30:48,758 : INFO : EventManager : Event: ======'player_slingshots_active'====== Args={'value': 0, 'prev_value': 0, 'change': 0, 'player_num': 4}
2026-07-02 21:30:48,759 : INFO : EventManager : Event: ======'player_targets_active'====== Args={'value': 0, 'prev_value': 0, 'change': 0, 'player_num': 4}
2026-07-02 21:30:48,759 : INFO : EventManager : Event: ======'player_vuk_active'====== Args={'value': 0, 'prev_value': 0, 'change': 0, 'player_num': 4}
2026-07-02 21:30:48,760 : INFO : EventManager : Event: ======'player_travel_progress'====== Args={'value': 0, 'prev_value': 0, 'change': 0, 'player_num': 4}
2026-07-02 21:30:48,762 : INFO : EventManager : Event: ======'player_travel_time_remaining_travel_dirtmouth_to_frogotten_crossroads'====== Args={'value': 40.0, 'prev_value': 40.0, 'change': 0, 'player_num': 4}
2026-07-02 21:30:48,763 : INFO : EventManager : Event: ======'player_travel_shots_remaining_travel_dirtmouth_to_frogotten_crossroads'====== Args={'value': 2, 'prev_value': 2, 'change': 0, 'player_num': 4}
2026-07-02 21:30:48,763 : INFO : EventManager : Event: ======'player_frogotten_crossroads_active'====== Args={'value': 0, 'prev_value': 0, 'change': 0, 'player_num': 4}
2026-07-02 21:30:48,763 : INFO : EventManager : Event: ======'player_masks'====== Args={'value': 5, 'prev_value': 5, 'change': 0, 'player_num': 4}
2026-07-02 21:30:48,763 : INFO : EventManager : Event: ======'player_max_masks'====== Args={'value': 5, 'prev_value': 5, 'change': 0, 'player_num': 4}
2026-07-02 21:30:48,763 : INFO : EventManager : Event: ======'player_soul'====== Args={'value': 0, 'prev_value': 0, 'change': 0, 'player_num': 4}
2026-07-02 21:30:48,763 : INFO : EventManager : Event: ======'player_max_soul'====== Args={'value': 9, 'prev_value': 9, 'change': 0, 'player_num': 4}
2026-07-02 21:30:48,763 : INFO : EventManager : Event: ======'player_score'====== Args={'value': 0, 'prev_value': 0, 'change': 0, 'player_num': 4}
2026-07-02 21:30:48,834 : INFO : SwitchController : <<<<<<< 's_start' inactive >>>>>>>
2026-07-02 21:30:57,680 : INFO : EventManager : Event: ======'balldevice_bd_plunger_ball_eject_failed'====== Args={'target': <playfield.playfield>, 'balls': 1, 'retry': True, 'num_attempts': 2}
2026-07-02 21:30:57,682 : INFO : ball_device.bd_plunger : State: waiting_for_target_ready
2026-07-02 21:30:57,682 : INFO : EventManager : Event: ======'balldevice_bd_plunger_ball_eject_attempt'====== Args={'balls': 1, 'target': <playfield.playfield>, 'source': <ball_device.bd_plunger>, 'mechanical_eject': False, 'num_attempts': 2}
2026-07-02 21:30:57,682 : INFO : ball_device.bd_plunger : State: ejecting
2026-07-02 21:30:57,682 : INFO : ball_device.bd_plunger : Ejecting ball to <playfield.playfield>
2026-07-02 21:30:57,683 : INFO : EventManager : Event: ======'balldevice_bd_plunger_ejecting_ball'====== Args={'balls': 1, 'target': <playfield.playfield>, 'source': <ball_device.bd_plunger>, 'mechanical_eject': False, 'num_attempts': 2}
2026-07-02 21:30:57,683 : INFO : ball_device.bd_plunger : Wait for ball to leave device
2026-07-02 21:31:07,684 : INFO : EventManager : Event: ======'balldevice_bd_plunger_ball_eject_failed'====== Args={'target': <playfield.playfield>, 'balls': 1, 'retry': True, 'num_attempts': 3}
2026-07-02 21:31:07,687 : INFO : ball_device.bd_plunger : State: waiting_for_target_ready
2026-07-02 21:31:07,687 : INFO : EventManager : Event: ======'balldevice_bd_plunger_ball_eject_attempt'====== Args={'balls': 1, 'target': <playfield.playfield>, 'source': <ball_device.bd_plunger>, 'mechanical_eject': False, 'num_attempts': 3}
2026-07-02 21:31:07,688 : INFO : ball_device.bd_plunger : State: ejecting
2026-07-02 21:31:07,688 : INFO : ball_device.bd_plunger : Ejecting ball to <playfield.playfield>
2026-07-02 21:31:07,688 : INFO : EventManager : Event: ======'balldevice_bd_plunger_ejecting_ball'====== Args={'balls': 1, 'target': <playfield.playfield>, 'source': <ball_device.bd_plunger>, 'mechanical_eject': False, 'num_attempts': 3}
2026-07-02 21:31:07,688 : INFO : ball_device.bd_plunger : Wait for ball to leave device
2026-07-02 21:31:17,690 : INFO : EventManager : Event: ======'balldevice_bd_plunger_ball_eject_failed'====== Args={'target': <playfield.playfield>, 'balls': 1, 'retry': True, 'num_attempts': 4}
2026-07-02 21:31:17,692 : INFO : ball_device.bd_plunger : State: waiting_for_target_ready
2026-07-02 21:31:17,693 : INFO : EventManager : Event: ======'balldevice_bd_plunger_ball_eject_attempt'====== Args={'balls': 1, 'target': <playfield.playfield>, 'source': <ball_device.bd_plunger>, 'mechanical_eject': False, 'num_attempts': 4}
2026-07-02 21:31:17,694 : INFO : ball_device.bd_plunger : State: ejecting
2026-07-02 21:31:17,694 : INFO : ball_device.bd_plunger : Ejecting ball to <playfield.playfield>
2026-07-02 21:31:17,694 : INFO : EventManager : Event: ======'balldevice_bd_plunger_ejecting_ball'====== Args={'balls': 1, 'target': <playfield.playfield>, 'source': <ball_device.bd_plunger>, 'mechanical_eject': False, 'num_attempts': 4}
2026-07-02 21:31:17,695 : INFO : ball_device.bd_plunger : Wait for ball to leave device
2026-07-02 21:31:27,696 : INFO : EventManager : Event: ======'balldevice_bd_plunger_ball_eject_failed'====== Args={'target': <playfield.playfield>, 'balls': 1, 'retry': True, 'num_attempts': 5}
2026-07-02 21:31:27,698 : INFO : ball_device.bd_plunger : State: waiting_for_target_ready
2026-07-02 21:31:27,698 : INFO : EventManager : Event: ======'balldevice_bd_plunger_ball_eject_attempt'====== Args={'balls': 1, 'target': <playfield.playfield>, 'source': <ball_device.bd_plunger>, 'mechanical_eject': False, 'num_attempts': 5}
2026-07-02 21:31:27,699 : INFO : ball_device.bd_plunger : State: ejecting
2026-07-02 21:31:27,699 : INFO : ball_device.bd_plunger : Ejecting ball to <playfield.playfield>
2026-07-02 21:31:27,700 : INFO : EventManager : Event: ======'balldevice_bd_plunger_ejecting_ball'====== Args={'balls': 1, 'target': <playfield.playfield>, 'source': <ball_device.bd_plunger>, 'mechanical_eject': False, 'num_attempts': 5}
2026-07-02 21:31:27,701 : INFO : ball_device.bd_plunger : Wait for ball to leave device
2026-07-02 21:31:37,704 : INFO : EventManager : Event: ======'balldevice_bd_plunger_ball_eject_failed'====== Args={'target': <playfield.playfield>, 'balls': 1, 'retry': True, 'num_attempts': 6}
2026-07-02 21:31:37,717 : INFO : ball_device.bd_plunger : State: waiting_for_target_ready
2026-07-02 21:31:37,722 : INFO : EventManager : Event: ======'balldevice_bd_plunger_ball_eject_attempt'====== Args={'balls': 1, 'target': <playfield.playfield>, 'source': <ball_device.bd_plunger>, 'mechanical_eject': False, 'num_attempts': 6}
2026-07-02 21:31:37,723 : INFO : ball_device.bd_plunger : State: ejecting
2026-07-02 21:31:37,723 : INFO : ball_device.bd_plunger : Ejecting ball to <playfield.playfield>
2026-07-02 21:31:37,723 : INFO : EventManager : Event: ======'balldevice_bd_plunger_ejecting_ball'====== Args={'balls': 1, 'target': <playfield.playfield>, 'source': <ball_device.bd_plunger>, 'mechanical_eject': False, 'num_attempts': 6}
2026-07-02 21:31:37,725 : INFO : ball_device.bd_plunger : Wait for ball to leave device
2026-07-02 21:31:47,726 : INFO : EventManager : Event: ======'balldevice_bd_plunger_ball_eject_failed'====== Args={'target': <playfield.playfield>, 'balls': 1, 'retry': True, 'num_attempts': 7}
2026-07-02 21:31:47,731 : INFO : ball_device.bd_plunger : State: waiting_for_target_ready
2026-07-02 21:31:47,731 : INFO : EventManager : Event: ======'balldevice_bd_plunger_ball_eject_attempt'====== Args={'balls': 1, 'target': <playfield.playfield>, 'source': <ball_device.bd_plunger>, 'mechanical_eject': False, 'num_attempts': 7}
2026-07-02 21:31:47,740 : INFO : ball_device.bd_plunger : State: ejecting
2026-07-02 21:31:47,742 : INFO : ball_device.bd_plunger : Ejecting ball to <playfield.playfield>
2026-07-02 21:31:47,742 : INFO : EventManager : Event: ======'balldevice_bd_plunger_ejecting_ball'====== Args={'balls': 1, 'target': <playfield.playfield>, 'source': <ball_device.bd_plunger>, 'mechanical_eject': False, 'num_attempts': 7}
2026-07-02 21:31:47,745 : INFO : ball_device.bd_plunger : Wait for ball to leave device
2026-07-02 21:31:57,746 : INFO : EventManager : Event: ======'balldevice_bd_plunger_ball_eject_failed'====== Args={'target': <playfield.playfield>, 'balls': 1, 'retry': True, 'num_attempts': 8}
2026-07-02 21:31:57,748 : INFO : ball_device.bd_plunger : State: waiting_for_target_ready
2026-07-02 21:31:57,749 : INFO : EventManager : Event: ======'balldevice_bd_plunger_ball_eject_attempt'====== Args={'balls': 1, 'target': <playfield.playfield>, 'source': <ball_device.bd_plunger>, 'mechanical_eject': False, 'num_attempts': 8}
2026-07-02 21:31:57,749 : INFO : ball_device.bd_plunger : State: ejecting
2026-07-02 21:31:57,750 : INFO : ball_device.bd_plunger : Ejecting ball to <playfield.playfield>
2026-07-02 21:31:57,750 : INFO : EventManager : Event: ======'balldevice_bd_plunger_ejecting_ball'====== Args={'balls': 1, 'target': <playfield.playfield>, 'source': <ball_device.bd_plunger>, 'mechanical_eject': False, 'num_attempts': 8}
2026-07-02 21:31:57,752 : INFO : ball_device.bd_plunger : Wait for ball to leave device
2026-07-02 21:32:02,302 : INFO : Machine : Shutting down...
2026-07-02 21:32:02,302 : INFO : EventManager : Event: ======'shutdown'====== Args={}
2026-07-02 21:32:02,305 : INFO : EventManager : Event: ======'mode_game_will_stop'====== Args={}
2026-07-02 21:32:02,305 : INFO : EventManager : Event: ======'mode_game_stopping'====== Args={}
2026-07-02 21:32:02,306 : INFO : EventManager : Event: ======'mode_slingshots_will_stop'====== Args={}
2026-07-02 21:32:02,306 : INFO : EventManager : Event: ======'mode_slingshots_stopping'====== Args={}
2026-07-02 21:32:02,306 : INFO : EventManager : Event: ======'mode_left_orbit_will_stop'====== Args={}
2026-07-02 21:32:02,306 : INFO : EventManager : Event: ======'mode_left_orbit_stopping'====== Args={}
2026-07-02 21:32:02,306 : INFO : EventManager : Event: ======'mode_mask_controller_will_stop'====== Args={}
2026-07-02 21:32:02,306 : INFO : EventManager : Event: ======'mode_mask_controller_stopping'====== Args={}
2026-07-02 21:32:02,306 : INFO : EventManager : Event: ======'mode_lane_to_pop_will_stop'====== Args={}
2026-07-02 21:32:02,306 : INFO : EventManager : Event: ======'mode_lane_to_pop_stopping'====== Args={}
2026-07-02 21:32:02,306 : INFO : EventManager : Event: ======'mode_dirtmouth_will_stop'====== Args={}
2026-07-02 21:32:02,306 : INFO : EventManager : Event: ======'mode_dirtmouth_stopping'====== Args={}
2026-07-02 21:32:02,306 : INFO : EventManager : Event: ======'mode_pop_bumper_will_stop'====== Args={}
2026-07-02 21:32:02,307 : INFO : EventManager : Event: ======'mode_pop_bumper_stopping'====== Args={}
2026-07-02 21:32:02,307 : INFO : EventManager : Event: ======'mode_vuk_will_stop'====== Args={}
2026-07-02 21:32:02,307 : INFO : EventManager : Event: ======'mode_vuk_stopping'====== Args={}
2026-07-02 21:32:02,307 : INFO : EventManager : Event: ======'mode_base_will_stop'====== Args={}
2026-07-02 21:32:02,307 : INFO : EventManager : Event: ======'mode_base_stopping'====== Args={}
2026-07-02 21:32:02,307 : INFO : EventManager : Event: ======'mode_saucer_will_stop'====== Args={}
2026-07-02 21:32:02,307 : INFO : EventManager : Event: ======'mode_saucer_stopping'====== Args={}
2026-07-02 21:32:02,307 : INFO : EventManager : Event: ======'mode_targets_will_stop'====== Args={}
2026-07-02 21:32:02,307 : INFO : EventManager : Event: ======'mode_targets_stopping'====== Args={}
2026-07-02 21:32:02,307 : INFO : EventManager : Event: ======'mode_ramp_will_stop'====== Args={}
2026-07-02 21:32:02,307 : INFO : EventManager : Event: ======'mode_ramp_stopping'====== Args={}
2026-07-02 21:32:02,307 : INFO : EventManager : Event: ======'mode_right_orbit_will_stop'====== Args={}
2026-07-02 21:32:02,307 : INFO : EventManager : Event: ======'mode_right_orbit_stopping'====== Args={}
2026-07-02 21:32:02,307 : INFO : EventManager : Event: ======'mode_lanes_will_stop'====== Args={}
2026-07-02 21:32:02,307 : INFO : EventManager : Event: ======'mode_lanes_stopping'====== Args={}
2026-07-02 21:32:02,308 : INFO : EventManager : Event: ======'stop_mode_right_orbit'====== Args={'priority': 0}
2026-07-02 21:32:02,308 : INFO : EventManager : Event: ======'stop_mode_slingshots'====== Args={'priority': 0}
2026-07-02 21:32:02,308 : INFO : EventManager : Event: ======'stop_mode_lanes'====== Args={'priority': 0}
2026-07-02 21:32:02,308 : INFO : EventManager : Event: ======'stop_mode_vuk'====== Args={'priority': 0}
2026-07-02 21:32:02,308 : INFO : EventManager : Event: ======'stop_mode_ramp'====== Args={'priority': 0}
2026-07-02 21:32:02,308 : INFO : EventManager : Event: ======'stop_mode_left_orbit'====== Args={'priority': 0}
2026-07-02 21:32:02,308 : INFO : EventManager : Event: ======'stop_mode_lane_to_pop'====== Args={'priority': 0}
2026-07-02 21:32:02,308 : INFO : EventManager : Event: ======'stop_mode_saucer'====== Args={'priority': 0}
2026-07-02 21:32:02,308 : INFO : EventManager : Event: ======'stop_mode_targets'====== Args={'priority': 0}
2026-07-02 21:32:02,308 : INFO : EventManager : Event: ======'stop_mode_pop_bumper'====== Args={'priority': 0}
2026-07-02 21:32:02,308 : INFO : EventManager : Event: ======'stop_mode_dirtmouth'====== Args={'priority': 0}
2026-07-02 21:32:02,308 : INFO : EventManager : Event: ======'stop_mode_false_knight_controller'====== Args={'priority': 0}
2026-07-02 21:32:02,308 : INFO : EventManager : Event: ======'stop_mode_frogotten_crossroads'====== Args={'priority': 0}
2026-07-02 21:32:02,308 : INFO : EventManager : Event: ======'stop_mode_travel_dirtmouth_to_frogotten_crossroads'====== Args={'priority': 0}
2026-07-02 21:32:02,308 : INFO : EventManager : Event: ======'stop_mode_carousel_mode_select'====== Args={'priority': 0}
2026-07-02 21:32:02,308 : INFO : EventManager : Event: ======'stop_mode_mask_controller'====== Args={'priority': 0}
2026-07-02 21:32:02,309 : INFO : Mode.lanes : Stopped.
2026-07-02 21:32:02,309 : INFO : EventManager : Event: ======'modes_active_modes_changed'====== Args={}
2026-07-02 21:32:02,309 : INFO : EventManager : Event: ======'mode_lanes_stopped'====== Args={}
2026-07-02 21:32:02,309 : INFO : EventManager : Event: ======'clear'====== Args={'key': 'lanes'}
2026-07-02 21:32:02,309 : INFO : EventManager : Event: ======'player_lanes_active'====== Args={'value': 0, 'prev_value': 1, 'change': -1, 'player_num': 1, 'source': 'base'}
2026-07-02 21:32:02,311 : INFO : Mode.right_orbit : Stopped.
2026-07-02 21:32:02,311 : INFO : EventManager : Event: ======'modes_active_modes_changed'====== Args={}
2026-07-02 21:32:02,311 : INFO : EventManager : Event: ======'mode_right_orbit_stopped'====== Args={}
2026-07-02 21:32:02,311 : INFO : EventManager : Event: ======'clear'====== Args={'key': 'right_orbit'}
2026-07-02 21:32:02,311 : INFO : EventManager : Event: ======'player_right_orbit_active'====== Args={'value': 0, 'prev_value': 1, 'change': -1, 'player_num': 1, 'source': 'base'}
2026-07-02 21:32:02,311 : INFO : Mode.ramp : Stopped.
2026-07-02 21:32:02,311 : INFO : EventManager : Event: ======'modes_active_modes_changed'====== Args={}
2026-07-02 21:32:02,311 : INFO : EventManager : Event: ======'mode_ramp_stopped'====== Args={}
2026-07-02 21:32:02,311 : INFO : EventManager : Event: ======'clear'====== Args={'key': 'ramp'}
2026-07-02 21:32:02,311 : INFO : EventManager : Event: ======'player_ramp_active'====== Args={'value': 0, 'prev_value': 1, 'change': -1, 'player_num': 1, 'source': 'base'}
2026-07-02 21:32:02,311 : INFO : Mode.targets : Stopped.
2026-07-02 21:32:02,312 : INFO : EventManager : Event: ======'modes_active_modes_changed'====== Args={}
2026-07-02 21:32:02,312 : INFO : EventManager : Event: ======'mode_targets_stopped'====== Args={}
2026-07-02 21:32:02,312 : INFO : EventManager : Event: ======'clear'====== Args={'key': 'targets'}
2026-07-02 21:32:02,312 : INFO : EventManager : Event: ======'player_targets_active'====== Args={'value': 0, 'prev_value': 1, 'change': -1, 'player_num': 1, 'source': 'base'}
2026-07-02 21:32:02,312 : INFO : Mode.saucer : Stopped.
2026-07-02 21:32:02,312 : INFO : EventManager : Event: ======'modes_active_modes_changed'====== Args={}
2026-07-02 21:32:02,312 : INFO : EventManager : Event: ======'mode_saucer_stopped'====== Args={}
2026-07-02 21:32:02,312 : INFO : EventManager : Event: ======'clear'====== Args={'key': 'saucer'}
2026-07-02 21:32:02,312 : INFO : EventManager : Event: ======'player_saucer_active'====== Args={'value': 0, 'prev_value': 1, 'change': -1, 'player_num': 1, 'source': 'base'}
2026-07-02 21:32:02,312 : INFO : Mode.base : Stopped.
2026-07-02 21:32:02,312 : INFO : EventManager : Event: ======'modes_active_modes_changed'====== Args={}
2026-07-02 21:32:02,312 : INFO : EventManager : Event: ======'mode_base_stopped'====== Args={}
2026-07-02 21:32:02,312 : INFO : EventManager : Event: ======'clear'====== Args={'key': 'base'}
2026-07-02 21:32:02,312 : INFO : Mode.vuk : Stopped.
2026-07-02 21:32:02,312 : INFO : EventManager : Event: ======'modes_active_modes_changed'====== Args={}
2026-07-02 21:32:02,313 : INFO : EventManager : Event: ======'mode_vuk_stopped'====== Args={}
2026-07-02 21:32:02,313 : INFO : EventManager : Event: ======'clear'====== Args={'key': 'vuk'}
2026-07-02 21:32:02,313 : INFO : Mode.pop_bumper : Stopped.
2026-07-02 21:32:02,313 : INFO : EventManager : Event: ======'modes_active_modes_changed'====== Args={}
2026-07-02 21:32:02,313 : INFO : EventManager : Event: ======'mode_pop_bumper_stopped'====== Args={}
2026-07-02 21:32:02,313 : INFO : EventManager : Event: ======'clear'====== Args={'key': 'pop_bumper'}
2026-07-02 21:32:02,313 : INFO : Mode.dirtmouth : Stopped.
2026-07-02 21:32:02,313 : INFO : EventManager : Event: ======'modes_active_modes_changed'====== Args={}
2026-07-02 21:32:02,313 : INFO : EventManager : Event: ======'mode_dirtmouth_stopped'====== Args={}
2026-07-02 21:32:02,313 : INFO : EventManager : Event: ======'clear'====== Args={'key': 'dirtmouth'}
2026-07-02 21:32:02,313 : INFO : Mode.lane_to_pop : Stopped.
2026-07-02 21:32:02,313 : INFO : EventManager : Event: ======'modes_active_modes_changed'====== Args={}
2026-07-02 21:32:02,313 : INFO : EventManager : Event: ======'mode_lane_to_pop_stopped'====== Args={}
2026-07-02 21:32:02,313 : INFO : EventManager : Event: ======'clear'====== Args={'key': 'lane_to_pop'}
2026-07-02 21:32:02,314 : INFO : Mode.mask_controller : Stopped.
2026-07-02 21:32:02,314 : INFO : EventManager : Event: ======'modes_active_modes_changed'====== Args={}
2026-07-02 21:32:02,314 : INFO : EventManager : Event: ======'mode_mask_controller_stopped'====== Args={}
2026-07-02 21:32:02,314 : INFO : EventManager : Event: ======'clear'====== Args={'key': 'mask_controller'}
2026-07-02 21:32:02,314 : INFO : Mode.left_orbit : Stopped.
2026-07-02 21:32:02,314 : INFO : EventManager : Event: ======'modes_active_modes_changed'====== Args={}
2026-07-02 21:32:02,314 : INFO : EventManager : Event: ======'mode_left_orbit_stopped'====== Args={}
2026-07-02 21:32:02,314 : INFO : EventManager : Event: ======'clear'====== Args={'key': 'left_orbit'}
2026-07-02 21:32:02,314 : INFO : Mode.slingshots : Stopped.
2026-07-02 21:32:02,314 : INFO : EventManager : Event: ======'modes_active_modes_changed'====== Args={}
2026-07-02 21:32:02,314 : INFO : EventManager : Event: ======'mode_slingshots_stopped'====== Args={}
2026-07-02 21:32:02,314 : INFO : EventManager : Event: ======'clear'====== Args={'key': 'slingshots'}
2026-07-02 21:32:02,315 : INFO : Mode.game : Stopped.
2026-07-02 21:32:02,315 : INFO : EventManager : Event: ======'modes_active_modes_changed'====== Args={}
2026-07-02 21:32:02,315 : INFO : EventManager : Event: ======'mode_game_stopped'====== Args={}
2026-07-02 21:32:02,315 : INFO : EventManager : Event: ======'clear'====== Args={'key': 'game'}
2026-07-02 21:32:02,318 : INFO : root : MPF run loop ended.
